player_id,avg_session_length_mins,days_since_last_login,last_login_date,total_lifetime_spend,level_reached,churned,log_total_spent,activity_segment,is_high_value,churn_probability
player_0,15.364646765611605,6,2026-01-03,0.0,23,0,0.0,Active,0,0.0
player_1,20.43341492409239,5,2026-01-04,0.0,35,0,0.0,Active,0,0.0
player_2,15.29938155951234,6,2026-01-03,36.05027506658855,47,0,3.612275775913957,Active,0,0.01
player_3,10.453619488340305,4,2026-01-05,47.72038644916694,33,0,3.8860975554138393,Active,0,0.0
player_4,14.630224892302694,1,2026-01-08,0.0,37,0,0.0,Active,0,0.0
player_5,26.422829408154737,3,2026-01-06,72.82935103834073,1,0,4.301756363087173,Active,0,0.0
player_6,32.86663958978767,2,2026-01-07,0.0,24,0,0.0,Active,0,0.0
player_7,15.890022334719074,6,2026-01-03,0.0,28,0,0.0,Active,0,0.0
player_8,11.632681364030685,0,2026-01-09,14.314593213934804,8,0,2.7288061786479334,Active,0,0.0
player_9,10.962929348173356,7,2026-01-02,25.59746014720617,12,0,3.2808157280411057,Active,0,0.0
player_10,10.606983301993909,1,2026-01-08,24.00695203118969,22,0,3.2191538674583646,Active,0,0.0
player_11,31.602274209266994,0,2026-01-09,0.0,24,0,0.0,Active,0,0.0
player_12,20.476650363279987,14,2025-12-26,0.0,21,0,0.0,At_Risk,0,0.0
player_13,45.47067202824128,5,2026-01-04,60.53085175799403,35,0,4.119538703627398,Active,0,0.0
player_14,19.8940957074952,1,2026-01-08,0.0,7,0,0.0,Active,0,0.0
player_15,44.411570533961616,1,2026-01-08,66.4240993773276,18,0,4.211002511536918,Active,0,0.0
player_16,55.21555268386992,0,2026-01-09,0.0,42,0,0.0,Active,0,0.0
player_17,1.4527718086019334,21,2025-12-19,12.78814438155048,49,1,2.623809120136672,Churned_Status,0,0.99
player_18,18.56197545998771,21,2025-12-19,0.0,41,1,0.0,Churned_Status,0,1.0
player_19,20.26392036342732,5,2026-01-04,37.28181352882935,12,0,3.644974940823845,Active,0,0.01
player_20,53.95573629914704,1,2026-01-08,45.982153915353074,37,0,3.849767825675611,Active,0,0.0
player_21,12.355073618270282,2,2026-01-07,0.0,16,0,0.0,Active,0,0.0
player_22,25.540448433814497,7,2026-01-02,0.0,9,0,0.0,Active,0,0.0
player_23,14.197399596710056,0,2026-01-09,0.0,48,0,0.0,Active,0,0.0
player_24,24.96417415427154,4,2026-01-05,0.0,28,0,0.0,Active,0,0.0
player_25,22.692708860980773,0,2026-01-09,130.2690379685212,11,0,4.877248942141559,Active,1,0.0
player_26,14.726706378888686,13,2025-12-27,0.0,36,0,0.0,At_Risk,0,0.0
player_27,14.777536805303178,1,2026-01-08,0.0,3,0,0.0,Active,0,0.0
player_28,70.14547694581223,1,2026-01-08,0.0,26,0,0.0,Active,0,0.0
player_29,17.878687698159744,2,2026-01-07,29.62597114375378,35,0,3.421848379178564,Active,0,0.0
player_30,8.899927577866997,2,2026-01-07,0.0,34,0,0.0,Active,0,0.0
player_31,14.077550918634804,3,2026-01-06,0.0,39,0,0.0,Active,0,0.0
player_32,37.09944124746425,4,2026-01-05,0.0,20,0,0.0,Active,0,0.0
player_33,19.550642926807964,11,2025-12-29,0.0,17,0,0.0,At_Risk,0,0.0
player_34,13.90879536793481,0,2026-01-09,0.0,31,0,0.0,Active,0,0.0
player_35,7.732181785146562,0,2026-01-09,1.9719665011146217,47,0,1.089223855296236,Active,0,0.0
player_36,12.30285250963714,8,2026-01-01,0.0,24,0,0.0,At_Risk,0,0.0
player_37,10.670206497400653,2,2026-01-07,0.0,38,0,0.0,Active,0,0.0
player_38,9.833815431497584,10,2025-12-30,0.0,2,0,0.0,At_Risk,0,0.0
player_39,17.322550458019442,4,2026-01-05,0.0,43,0,0.0,Active,0,0.0
player_40,18.15943926223727,7,2026-01-02,0.0,13,0,0.0,Active,0,0.0
player_41,13.736302687606443,0,2026-01-09,0.0,41,0,0.0,Active,0,0.0
player_42,26.305965241166383,4,2026-01-05,0.0,31,0,0.0,Active,0,0.0
player_43,5.210072153844826,9,2025-12-31,35.163030981211044,2,0,3.5880373533942085,At_Risk,0,0.01
player_44,14.623025015345611,19,2025-12-21,0.0,1,1,0.0,Churned_Status,0,1.0
player_45,33.10911100370345,2,2026-01-07,0.0,27,0,0.0,Active,0,0.0
player_46,23.52037407142076,2,2026-01-07,0.0,27,0,0.0,Active,0,0.0
player_47,18.377706369457226,2,2026-01-07,0.0,17,0,0.0,Active,0,0.0
player_48,6.753704644056256,4,2026-01-05,0.0,49,0,0.0,Active,0,0.0
player_49,32.282718521482494,2,2026-01-07,0.0,29,0,0.0,Active,0,0.0
player_50,9.83595459798414,14,2025-12-26,0.0,27,0,0.0,At_Risk,0,0.0
player_51,12.107102094027164,13,2025-12-27,6.614104452350615,20,0,2.0300023763257062,At_Risk,0,0.0
player_52,36.50927901967873,0,2026-01-09,56.94686616973339,19,0,4.059526490148046,Active,0,0.0
player_53,7.69908150716852,9,2025-12-31,0.0,30,0,0.0,At_Risk,0,0.0
player_54,11.418003705889454,3,2026-01-06,0.0,35,0,0.0,Active,0,0.0
player_55,18.09591131295672,0,2026-01-09,110.48910386675536,10,0,4.71392686295684,Active,1,0.01
player_56,6.645248181841508,8,2026-01-01,0.0,48,0,0.0,At_Risk,0,0.0
player_57,4.577354590722522,4,2026-01-05,0.0,45,0,0.0,Active,0,0.0
player_58,16.80977208240169,2,2026-01-07,0.0,29,0,0.0,Active,0,0.0
player_59,43.75668073172848,3,2026-01-06,0.0,33,0,0.0,Active,0,0.0
player_60,26.26957690548321,2,2026-01-07,0.0,31,0,0.0,Active,0,0.0
player_61,35.08172996404208,8,2026-01-01,14.46644822765296,38,0,2.738673047252273,At_Risk,0,0.0
player_62,11.97163863273392,3,2026-01-06,97.31376252107432,18,0,4.588164022654151,Active,0,0.0
player_63,16.04768144716531,0,2026-01-09,0.0,1,0,0.0,Active,0,0.0
player_64,68.99319080364972,4,2026-01-05,0.0,20,0,0.0,Active,0,0.0
player_65,13.364422248785155,9,2025-12-31,0.0,36,0,0.0,At_Risk,0,0.0
player_66,22.821579478093344,10,2025-12-30,10.958492260986654,19,0,2.4814416754407134,At_Risk,0,0.0
player_67,17.625341367016432,7,2026-01-02,0.0550325440158164,19,0,0.053571613860615,Active,0,0.0
player_68,8.67260174905411,29,2025-12-11,6.966581422364733,28,1,2.075255470090527,Churned_Status,0,0.97
player_69,11.976998165172436,4,2026-01-05,0.0,15,0,0.0,Active,0,0.0
player_70,57.706277169221416,2,2026-01-07,0.0,29,0,0.0,Active,0,0.0
player_71,5.881606462492181,10,2025-12-30,0.0,15,0,0.0,At_Risk,0,0.0
player_72,5.398934407814702,0,2026-01-09,0.0,29,0,0.0,Active,0,0.0
player_73,11.06087731815432,3,2026-01-06,31.663206321374933,18,0,3.486249255454094,Active,0,0.0
player_74,27.61183040241629,4,2026-01-05,120.84160158840194,17,0,4.80272185351366,Active,1,0.0
player_75,24.24291882317722,6,2026-01-03,145.9767653008509,29,0,4.990274515108183,Active,1,0.0
player_76,6.070102986300009,5,2026-01-04,0.0,44,0,0.0,Active,0,0.0
player_77,1.860145171765352,2,2026-01-07,0.0,47,0,0.0,Active,0,0.0
player_78,30.126942132644714,3,2026-01-06,0.0,2,0,0.0,Active,0,0.0
player_79,7.342486069441829,10,2025-12-30,0.0,8,0,0.0,At_Risk,0,0.0
player_80,15.315928334745683,1,2026-01-08,0.0,42,0,0.0,Active,0,0.0
player_81,11.264982802116224,2,2026-01-07,0.0,1,0,0.0,Active,0,0.0
player_82,12.685617538042536,1,2026-01-08,39.58586207700336,37,0,3.703419781259035,Active,0,0.0
player_83,6.97321515007741,8,2026-01-01,0.0,32,0,0.0,At_Risk,0,0.0
player_84,17.937961640047174,0,2026-01-09,0.0,1,0,0.0,Active,0,0.0
player_85,65.36960155591268,8,2026-01-01,32.637478846598974,4,0,3.5156408871891767,At_Risk,0,0.0
player_86,76.6140191019796,4,2026-01-05,87.73396117604729,17,0,4.485642692880724,Active,0,0.01
player_87,7.8697394700305,3,2026-01-06,0.0,33,0,0.0,Active,0,0.0
player_88,32.14290969846008,2,2026-01-07,65.67703674865086,19,0,4.199860617012852,Active,0,0.0
player_89,7.385254821021405,12,2025-12-28,0.0,2,0,0.0,At_Risk,0,0.0
player_90,18.35440598488785,12,2025-12-28,0.0,30,0,0.0,At_Risk,0,0.0
player_91,16.841289837428924,9,2025-12-31,0.0,17,0,0.0,At_Risk,0,0.0
player_92,24.124637736400647,1,2026-01-08,0.0,34,0,0.0,Active,0,0.0
player_93,20.51232797610968,7,2026-01-02,0.0,6,0,0.0,Active,0,0.0
player_94,12.772035926693066,1,2026-01-08,5.062113189871616,30,0,1.80205845049554,Active,0,0.0
player_95,28.968166768056616,3,2026-01-06,0.0,49,0,0.0,Active,0,0.0
player_96,18.471597596587785,3,2026-01-06,0.0,9,0,0.0,Active,0,0.0
player_97,19.84316111799116,0,2026-01-09,22.19353691902632,16,0,3.143873658784897,Active,0,0.0
player_98,10.3721576474374,1,2026-01-08,0.0,39,0,0.0,Active,0,0.0
player_99,12.056156900856154,3,2026-01-06,0.0,33,0,0.0,Active,0,0.0
player_100,53.36310314004608,3,2026-01-06,0.0,42,0,0.0,Active,0,0.0
player_101,23.830517749868964,3,2026-01-06,3.302923094922753,18,0,1.4592945812642024,Active,0,0.0
player_102,33.9573654949012,0,2026-01-09,0.0,15,0,0.0,Active,0,0.0
player_103,17.760227379024258,0,2026-01-09,0.0,31,0,0.0,Active,0,0.0
player_104,6.036422639500852,3,2026-01-06,0.0,12,0,0.0,Active,0,0.0
player_105,15.36131791084383,0,2026-01-09,0.0,4,0,0.0,Active,0,0.0
player_106,38.91483947942739,0,2026-01-09,0.0,30,0,0.0,Active,0,0.0
player_107,37.12242940698557,2,2026-01-07,17.466074495456148,10,0,2.915935237537909,Active,0,0.0
player_108,17.30056942224426,5,2026-01-04,0.0,3,0,0.0,Active,0,0.0
player_109,12.655694440644458,1,2026-01-08,3.830678586323769,8,0,1.574986951859007,Active,0,0.0
player_110,34.487595386713664,1,2026-01-08,0.0,17,0,0.0,Active,0,0.0
player_111,12.348453617689968,16,2025-12-24,0.0,35,1,0.0,Churned_Status,0,1.0
player_112,20.09680425925227,8,2026-01-01,0.0,2,0,0.0,At_Risk,0,0.0
player_113,3.60375854693896,1,2026-01-08,23.145993659944995,16,0,3.1841184723385134,Active,0,0.04
player_114,10.87974521002694,5,2026-01-04,0.0,43,0,0.0,Active,0,0.0
player_115,28.232032155850284,1,2026-01-08,89.72994173055781,41,0,4.507887420952276,Active,0,0.0
player_116,9.174827935490592,10,2025-12-30,0.0,20,0,0.0,At_Risk,0,0.0
player_117,4.115930270398458,20,2025-12-20,87.36822625336526,32,1,4.481512473509588,Churned_Status,0,0.99
player_118,11.935358451923284,2,2026-01-07,0.0,41,0,0.0,Active,0,0.0
player_119,8.968110988697275,5,2026-01-04,0.0,8,0,0.0,Active,0,0.0
player_120,15.994975127422736,1,2026-01-08,0.0,11,0,0.0,Active,0,0.0
player_121,6.255078135558344,2,2026-01-07,0.0,48,0,0.0,Active,0,0.0
player_122,18.868087182296808,3,2026-01-06,0.0,48,0,0.0,Active,0,0.0
player_123,11.843025988393435,0,2026-01-09,18.32611367670616,48,0,2.961457221620573,Active,0,0.0
player_124,21.277291243883205,0,2026-01-09,0.0,49,0,0.0,Active,0,0.0
player_125,32.80529810990575,2,2026-01-07,0.0,19,0,0.0,Active,0,0.0
player_126,22.704789781508964,1,2026-01-08,22.028097232964004,47,0,3.1367150891845346,Active,0,0.0
player_127,9.432537983489237,0,2026-01-09,0.0,35,0,0.0,Active,0,0.0
player_128,2.8468346385222305,14,2025-12-26,49.571267560346286,43,1,3.923383580238432,At_Risk,0,0.84
player_129,10.6156282428034,1,2026-01-08,0.0,23,0,0.0,Active,0,0.0
player_130,12.780192523168107,1,2026-01-08,0.0,18,0,0.0,Active,0,0.0
player_131,7.378767508951993,1,2026-01-08,0.0,38,0,0.0,Active,0,0.0
player_132,38.67713531412888,0,2026-01-09,0.0,19,0,0.0,Active,0,0.0
player_133,9.06327802848644,4,2026-01-05,0.0,4,0,0.0,Active,0,0.0
player_134,33.43516418684766,4,2026-01-05,0.0,16,0,0.0,Active,0,0.0
player_135,7.496655253148719,6,2026-01-03,0.0,38,0,0.0,Active,0,0.0
player_136,13.674908378917705,0,2026-01-09,0.0,41,0,0.0,Active,0,0.0
player_137,16.63719694433677,0,2026-01-09,0.0,28,0,0.0,Active,0,0.0
player_138,25.29929196290748,8,2026-01-01,0.0,3,0,0.0,At_Risk,0,0.0
player_139,21.63781729826178,13,2025-12-27,74.25892104485186,34,0,4.320934448693296,At_Risk,0,0.02
player_140,9.73865498489491,8,2026-01-01,0.0,24,0,0.0,At_Risk,0,0.0
player_141,30.009244501510043,6,2026-01-03,20.319247307851143,15,0,3.059610294164629,Active,0,0.0
player_142,16.297161856083395,11,2025-12-29,0.0,47,0,0.0,At_Risk,0,0.0
player_143,4.833043357075789,3,2026-01-06,0.0,10,0,0.0,Active,0,0.06
player_144,10.528250385441872,9,2025-12-31,0.0,3,0,0.0,At_Risk,0,0.0
player_145,17.51207946982215,14,2025-12-26,49.62324605185477,42,0,3.924410878937232,At_Risk,0,0.02
player_146,36.18868148796543,0,2026-01-09,0.0,7,0,0.0,Active,0,0.0
player_147,13.233605253864445,10,2025-12-30,64.19328248066356,23,0,4.177356434187034,At_Risk,0,0.0
player_148,21.292258686941416,3,2026-01-06,0.0,21,0,0.0,Active,0,0.0
player_149,19.022215735396667,1,2026-01-08,10.577575082208057,47,0,2.449070044534903,Active,0,0.0
player_150,56.25860136887757,0,2026-01-09,68.74983579384438,44,0,4.244915066488588,Active,0,0.0
player_151,15.786677832478205,1,2026-01-08,23.813766860682502,3,0,3.211398614501508,Active,0,0.0
player_152,15.171860363097831,8,2026-01-01,0.0,14,0,0.0,At_Risk,0,0.0
player_153,14.341311951199092,8,2026-01-01,0.0,4,0,0.0,At_Risk,0,0.0
player_154,23.419196643322145,2,2026-01-07,0.0,47,0,0.0,Active,0,0.0
player_155,10.929439464302114,7,2026-01-02,0.0,39,0,0.0,Active,0,0.0
player_156,16.535182705099217,0,2026-01-09,0.0,46,0,0.0,Active,0,0.0
player_157,32.302814847812925,14,2025-12-26,0.0,26,0,0.0,At_Risk,0,0.0
player_158,12.385110334809092,3,2026-01-06,0.0,49,0,0.0,Active,0,0.0
player_159,17.414537706734233,4,2026-01-05,0.0,24,0,0.0,Active,0,0.0
player_160,22.299948714918823,0,2026-01-09,86.6413484096109,31,0,4.473252900387214,Active,0,0.0
player_161,19.90046468554529,9,2025-12-31,0.0,1,0,0.0,At_Risk,0,0.0
player_162,7.185968086029386,1,2026-01-08,18.287960829699216,7,0,2.9594811100648637,Active,0,0.0
player_163,7.474264446930153,0,2026-01-09,28.446000490949896,22,0,3.382558094116106,Active,0,0.0
player_164,23.86233434930132,5,2026-01-04,28.05984362290343,1,0,3.36935727694746,Active,0,0.0
player_165,5.786290253225308,12,2025-12-28,0.0,10,0,0.0,At_Risk,0,0.0
player_166,16.481451013482136,4,2026-01-05,0.0,47,0,0.0,Active,0,0.0
player_167,20.016090362672045,3,2026-01-06,0.0,19,0,0.0,Active,0,0.0
player_168,3.3393708493038305,2,2026-01-07,0.0,4,0,0.0,Active,0,0.0
player_169,37.33811417199641,0,2026-01-09,0.0,25,0,0.0,Active,0,0.0
player_170,2.566933141704826,7,2026-01-02,0.0,6,0,0.0,Active,0,0.0
player_171,6.583388585275657,0,2026-01-09,3.5248667199694537,20,0,1.5095881225677106,Active,0,0.0
player_172,3.612073238299849,9,2025-12-31,88.7600533163561,39,1,4.497140035762135,At_Risk,0,0.88
player_173,5.88394040325079,12,2025-12-28,35.479888915550106,38,0,3.5967611201233725,At_Risk,0,0.01
player_174,19.633473961711,3,2026-01-06,0.0,2,0,0.0,Active,0,0.0
player_175,63.2362303012453,0,2026-01-09,0.0,33,0,0.0,Active,0,0.0
player_176,9.653678586841236,0,2026-01-09,0.0,2,0,0.0,Active,0,0.0
player_177,13.916038067006632,2,2026-01-07,0.0,11,0,0.0,Active,0,0.0
player_178,33.87863206500483,1,2026-01-08,0.0,11,0,0.0,Active,0,0.0
player_179,11.901424661747546,15,2025-12-25,0.0,6,1,0.0,Churned_Status,0,0.93
player_180,12.30328108392502,2,2026-01-07,0.0,27,0,0.0,Active,0,0.0
player_181,7.81147064418795,2,2026-01-07,0.0,42,0,0.0,Active,0,0.0
player_182,26.535884645682216,6,2026-01-03,0.0,7,0,0.0,Active,0,0.0
player_183,36.35440544969109,0,2026-01-09,0.0,7,0,0.0,Active,0,0.0
player_184,5.853630833672112,1,2026-01-08,53.51887312002268,8,0,3.998546937502887,Active,0,0.0
player_185,34.39016838897514,2,2026-01-07,0.0,13,0,0.0,Active,0,0.0
player_186,8.84451911078927,2,2026-01-07,17.713531382762714,49,0,2.929246865542152,Active,0,0.01
player_187,11.417551087118332,1,2026-01-08,0.0,45,0,0.0,Active,0,0.0
player_188,18.590138499754435,3,2026-01-06,0.0,44,0,0.0,Active,0,0.0
player_189,8.49258635871221,0,2026-01-09,0.0,32,0,0.0,Active,0,0.0
player_190,3.7931002308640993,8,2026-01-01,7.227896855818383,49,1,2.1075304359584166,At_Risk,0,0.58
player_191,14.188774928983817,0,2026-01-09,0.0,39,0,0.0,Active,0,0.0
player_192,19.396080324614733,0,2026-01-09,0.0,14,0,0.0,Active,0,0.0
player_193,35.188652702735695,1,2026-01-08,0.0,44,0,0.0,Active,0,0.0
player_194,13.719705710939763,11,2025-12-29,21.113721499280945,7,0,3.096198298176429,At_Risk,0,0.0
player_195,10.349661263296886,8,2026-01-01,0.0,22,0,0.0,At_Risk,0,0.0
player_196,10.073486504208418,11,2025-12-29,0.0,23,0,0.0,At_Risk,0,0.0
player_197,45.48173045577961,4,2026-01-05,40.52475145221243,26,0,3.726289669983852,Active,0,0.0
player_198,9.983421350920043,7,2026-01-02,64.36498263684923,2,0,4.179986681380028,Active,0,0.0
player_199,31.22508112614488,6,2026-01-03,0.0,46,0,0.0,Active,0,0.0
player_200,30.089997274287192,1,2026-01-08,25.0461490308308,46,0,3.259869927360932,Active,0,0.0
player_201,11.688077665972727,5,2026-01-04,0.0,21,0,0.0,Active,0,0.0
player_202,1.0,13,2025-12-27,0.0,11,1,0.0,At_Risk,0,0.94
player_203,31.33307831464708,22,2025-12-18,45.221871814872834,34,1,3.8334531019680766,Churned_Status,0,0.98
player_204,3.669169347771756,1,2026-01-08,0.0,5,0,0.0,Active,0,0.02
player_205,11.4656196862422,9,2025-12-31,0.0,2,0,0.0,At_Risk,0,0.0
player_206,45.16567861714697,2,2026-01-07,0.0,34,0,0.0,Active,0,0.0
player_207,49.91261055600232,1,2026-01-08,87.41940417628308,37,0,4.48209144981266,Active,0,0.0
player_208,17.53782894400304,1,2026-01-08,0.0,15,0,0.0,Active,0,0.0
player_209,46.52094796516296,6,2026-01-03,0.0,4,0,0.0,Active,0,0.0
player_210,24.89544796865905,5,2026-01-04,0.0,41,0,0.0,Active,0,0.0
player_211,20.20225284630888,26,2025-12-14,5.578675050722628,1,1,1.883833364989016,Churned_Status,0,0.99
player_212,47.25748183846346,13,2025-12-27,0.0,30,0,0.0,At_Risk,0,0.0
player_213,7.5911322948385695,0,2026-01-09,45.54496851266767,25,0,3.8404189100759623,Active,0,0.0
player_214,5.290139776521778,13,2025-12-27,0.0,27,0,0.0,At_Risk,0,0.01
player_215,17.75519556357741,0,2026-01-09,0.0,17,0,0.0,Active,0,0.0
player_216,11.488403497540467,12,2025-12-28,0.0,20,0,0.0,At_Risk,0,0.0
player_217,11.67642656719696,5,2026-01-04,0.0,5,0,0.0,Active,0,0.0
player_218,12.69421196798893,1,2026-01-08,80.03006442683775,18,0,4.394820251570896,Active,0,0.0
player_219,20.238314242189062,2,2026-01-07,0.0,32,0,0.0,Active,0,0.0
player_220,40.43384075028364,9,2025-12-31,0.0,36,0,0.0,At_Risk,0,0.0
player_221,7.652971020786545,9,2025-12-31,0.0,19,0,0.0,At_Risk,0,0.0
player_222,11.988394443682306,0,2026-01-09,42.098864195777786,44,0,3.763496643996285,Active,0,0.0
player_223,9.861349787144722,3,2026-01-06,0.0,38,0,0.0,Active,0,0.0
player_224,8.337930188342188,0,2026-01-09,0.0,43,0,0.0,Active,0,0.0
player_225,10.82049502781421,14,2025-12-26,0.0,44,0,0.0,At_Risk,0,0.0
player_226,53.07090972483408,2,2026-01-07,195.9399819051696,30,0,5.282899021939737,Active,1,0.0
player_227,17.105741565790208,3,2026-01-06,0.0,32,0,0.0,Active,0,0.0
player_228,16.63039545784499,0,2026-01-09,45.0348509272444,2,0,3.829398738486373,Active,0,0.0
player_229,35.00806292845046,0,2026-01-09,0.0,33,0,0.0,Active,0,0.0
player_230,6.422329508392357,3,2026-01-06,67.90989229877165,44,0,4.232799742441928,Active,0,0.0
player_231,33.49854681036855,0,2026-01-09,0.0,15,0,0.0,Active,0,0.0
player_232,7.649067662386536,21,2025-12-19,124.1819402623372,29,1,4.829768201155451,Churned_Status,1,0.99
player_233,8.54272310376533,1,2026-01-08,0.0,30,0,0.0,Active,0,0.0
player_234,10.93611175658735,3,2026-01-06,0.0,16,0,0.0,Active,0,0.0
player_235,9.977415698352912,7,2026-01-02,0.0,40,0,0.0,Active,0,0.0
player_236,5.1314506132828015,6,2026-01-03,0.0,11,0,0.0,Active,0,0.0
player_237,31.06241542566257,0,2026-01-09,0.0,5,0,0.0,Active,0,0.0
player_238,22.30154156508825,6,2026-01-03,3.6112331556882906,2,0,1.528495317048841,Active,0,0.0
player_239,26.274541399498005,2,2026-01-07,0.0,19,0,0.0,Active,0,0.0
player_240,6.891630728686604,4,2026-01-05,0.0,10,0,0.0,Active,0,0.0
player_241,12.618975338285097,18,2025-12-22,0.0,10,1,0.0,Churned_Status,0,1.0
player_242,15.73552902336732,6,2026-01-03,0.0,2,0,0.0,Active,0,0.0
player_243,39.61144278990872,6,2026-01-03,0.0,32,0,0.0,Active,0,0.0
player_244,21.93494536626336,1,2026-01-08,185.9910976531509,26,0,5.231061009588496,Active,1,0.0
player_245,21.45413651068121,11,2025-12-29,84.70712332232313,23,0,4.450935941429835,At_Risk,0,0.01
player_246,8.728714606469683,2,2026-01-07,0.0,11,0,0.0,Active,0,0.0
player_247,36.05881550299557,2,2026-01-07,0.0,11,0,0.0,Active,0,0.0
player_248,6.6535752081051935,3,2026-01-06,0.0,17,0,0.0,Active,0,0.0
player_249,15.73901822872596,2,2026-01-07,5.564160123341125,4,0,1.88162456710172,Active,0,0.0
player_250,44.74163410613513,3,2026-01-06,0.0,49,0,0.0,Active,0,0.0
player_251,6.470054559214347,14,2025-12-26,0.0,28,0,0.0,At_Risk,0,0.0
player_252,3.88453254053446,18,2025-12-22,0.0,10,1,0.0,Churned_Status,0,0.98
player_253,21.630659411176207,2,2026-01-07,0.0,43,0,0.0,Active,0,0.0
player_254,46.58697758954473,0,2026-01-09,0.0,12,0,0.0,Active,0,0.0
player_255,14.44684350736052,3,2026-01-06,0.0,12,0,0.0,Active,0,0.0
player_256,21.06470595745193,2,2026-01-07,4.774067304487488,15,0,1.7533767376479523,Active,0,0.01
player_257,16.801176893780845,0,2026-01-09,0.0,19,0,0.0,Active,0,0.0
player_258,5.232838809991667,4,2026-01-05,0.0,42,0,0.0,Active,0,0.0
player_259,3.2055853839922896,5,2026-01-04,0.0,48,0,0.0,Active,0,0.0
player_260,9.57878472003552,4,2026-01-05,0.0,6,0,0.0,Active,0,0.0
player_261,28.54963523561854,10,2025-12-30,0.0,42,0,0.0,At_Risk,0,0.0
player_262,25.42979592946888,2,2026-01-07,0.0,32,0,0.0,Active,0,0.0
player_263,24.412706270824835,9,2025-12-31,0.0,4,0,0.0,At_Risk,0,0.0
player_264,3.6748048120748624,1,2026-01-08,0.0,45,0,0.0,Active,0,0.02
player_265,61.58577757830499,4,2026-01-05,0.0,7,0,0.0,Active,0,0.0
player_266,5.764670244869978,3,2026-01-06,0.0,40,0,0.0,Active,0,0.0
player_267,7.767452501565729,0,2026-01-09,0.0,41,0,0.0,Active,0,0.0
player_268,71.5681610101668,13,2025-12-27,47.29203063417026,31,0,3.87726654982284,At_Risk,0,0.01
player_269,8.694831067789055,1,2026-01-08,0.0,39,0,0.0,Active,0,0.0
player_270,11.792151138935312,3,2026-01-06,0.0,41,0,0.0,Active,0,0.0
player_271,22.155807752190565,2,2026-01-07,0.0,7,0,0.0,Active,0,0.0
player_272,25.06281350295217,0,2026-01-09,0.0,5,0,0.0,Active,0,0.0
player_273,3.621213539302402,9,2025-12-31,0.0,35,1,0.0,At_Risk,0,0.87
player_274,17.024461121257804,0,2026-01-09,0.0,47,0,0.0,Active,0,0.0
player_275,20.40340565176017,3,2026-01-06,7.330775349124613,32,0,2.1199565309737625,Active,0,0.01
player_276,24.848122895310816,1,2026-01-08,0.0,2,0,0.0,Active,0,0.0
player_277,23.96965366979394,3,2026-01-06,0.0,4,0,0.0,Active,0,0.0
player_278,37.63067506788005,1,2026-01-08,152.64596057979696,43,0,5.03465099848016,Active,1,0.0
player_279,8.353838718757551,19,2025-12-21,86.55348480567326,6,1,4.472249861545352,Churned_Status,0,0.99
player_280,17.453279106965635,0,2026-01-09,0.0,21,0,0.0,Active,0,0.0
player_281,23.620092999147,1,2026-01-08,0.0,36,0,0.0,Active,0,0.0
player_282,10.262098824055007,0,2026-01-09,0.0,42,0,0.0,Active,0,0.0
player_283,2.7883638128643256,3,2026-01-06,0.0,41,0,0.0,Active,0,0.01
player_284,14.910465851150644,1,2026-01-08,15.40559333736296,20,0,2.7976223338396595,Active,0,0.0
player_285,6.535810898109522,7,2026-01-02,0.0,1,0,0.0,Active,0,0.0
player_286,11.137397169189498,10,2025-12-30,0.0,25,0,0.0,At_Risk,0,0.0
player_287,29.96004085363346,5,2026-01-04,44.49661625845101,26,0,3.817637955245341,Active,0,0.0
player_288,14.95183396427809,0,2026-01-09,48.831211375997896,29,0,3.908641522172377,Active,0,0.0
player_289,8.377338270004474,0,2026-01-09,49.034815255370944,38,0,3.912719068227637,Active,0,0.01
player_290,11.3137796314161,0,2026-01-09,0.0,41,0,0.0,Active,0,0.0
player_291,27.01946481592281,5,2026-01-04,0.0,38,0,0.0,Active,0,0.0
player_292,33.87700032775903,0,2026-01-09,0.0,41,0,0.0,Active,0,0.0
player_293,6.823512503616818,1,2026-01-08,0.0,41,0,0.0,Active,0,0.0
player_294,31.478640919002583,2,2026-01-07,23.932146837732155,10,0,3.216158008458065,Active,0,0.01
player_295,25.10680653156559,5,2026-01-04,0.0,23,0,0.0,Active,0,0.0
player_296,14.973879451513056,1,2026-01-08,61.94307293533655,2,0,4.142230713694151,Active,0,0.0
player_297,22.16541156642897,1,2026-01-08,2.901349368359795,26,0,1.3613224851813372,Active,0,0.0
player_298,31.77393653498697,2,2026-01-07,0.0,46,0,0.0,Active,0,0.0
player_299,22.39965036829913,1,2026-01-08,0.0,24,0,0.0,Active,0,0.0
player_300,12.921989165479474,26,2025-12-14,0.0,40,1,0.0,Churned_Status,0,1.0
player_301,5.554090682262918,12,2025-12-28,0.0,40,0,0.0,At_Risk,0,0.0
player_302,24.18177025691072,0,2026-01-09,30.181287654777982,43,0,3.439818160236118,Active,0,0.0
player_303,14.682608264561308,27,2025-12-13,0.0,37,1,0.0,Churned_Status,0,1.0
player_304,41.89529557395991,10,2025-12-30,47.23424148066448,2,0,3.876069173002125,At_Risk,0,0.0
player_305,20.146704158298768,0,2026-01-09,0.0,19,0,0.0,Active,0,0.0
player_306,20.04796216053656,6,2026-01-03,0.0,44,0,0.0,Active,0,0.0
player_307,15.7753060761817,5,2026-01-04,0.0,33,0,0.0,Active,0,0.0
player_308,3.0816780702921207,2,2026-01-07,0.0,10,0,0.0,Active,0,0.0
player_309,18.205536155095245,5,2026-01-04,0.0,24,0,0.0,Active,0,0.0
player_310,9.128953058866866,2,2026-01-07,0.0,32,0,0.0,Active,0,0.0
player_311,12.253101155066602,2,2026-01-07,0.0,34,0,0.0,Active,0,0.0
player_312,12.48992743271237,7,2026-01-02,83.54208099458464,20,0,4.437249410338226,Active,0,0.0
player_313,18.760227047547925,0,2026-01-09,0.0,24,0,0.0,Active,0,0.0
player_314,15.251395851471797,1,2026-01-08,95.25622723422968,43,0,4.567013669612485,Active,0,0.01
player_315,26.89222073556548,13,2025-12-27,0.0,1,0,0.0,At_Risk,0,0.0
player_316,11.2314754153639,4,2026-01-05,0.0,26,0,0.0,Active,0,0.0
player_317,18.749941071711497,0,2026-01-09,0.0,26,0,0.0,Active,0,0.0
player_318,10.389841817055949,3,2026-01-06,0.0,1,0,0.0,Active,0,0.0
player_319,10.876036795842213,6,2026-01-03,0.0,15,0,0.0,Active,0,0.0
player_320,79.85637008725172,3,2026-01-06,0.0,16,0,0.0,Active,0,0.0
player_321,10.834682336374213,17,2025-12-23,0.0,46,1,0.0,Churned_Status,0,0.98
player_322,5.407694025091999,6,2026-01-03,0.0,26,0,0.0,Active,0,0.0
player_323,17.224000333791988,3,2026-01-06,0.0,8,0,0.0,Active,0,0.0
player_324,22.297352029996578,6,2026-01-03,0.0,6,0,0.0,Active,0,0.0
player_325,19.478211553324915,7,2026-01-02,0.0,32,0,0.0,Active,0,0.0
player_326,8.28833372933946,5,2026-01-04,0.0,8,0,0.0,Active,0,0.0
player_327,24.6941637071266,0,2026-01-09,0.0,30,0,0.0,Active,0,0.0
player_328,18.51153848228516,0,2026-01-09,0.0,2,0,0.0,Active,0,0.0
player_329,6.2657125124906266,3,2026-01-06,0.0,5,0,0.0,Active,0,0.0
player_330,20.77937723659433,0,2026-01-09,0.0,43,0,0.0,Active,0,0.0
player_331,18.52883108328014,0,2026-01-09,0.0,29,0,0.0,Active,0,0.0
player_332,7.66402704034646,10,2025-12-30,8.191860904595256,28,0,2.2183184082077725,At_Risk,0,0.03
player_333,9.752017112493306,3,2026-01-06,29.49548254060453,44,0,3.4175785592206878,Active,0,0.0
player_334,21.757666589370967,5,2026-01-04,0.0,35,0,0.0,Active,0,0.0
player_335,17.334661533971186,0,2026-01-09,0.0,30,0,0.0,Active,0,0.0
player_336,12.884794915420446,1,2026-01-08,0.0,31,0,0.0,Active,0,0.0
player_337,8.743511226374672,0,2026-01-09,0.0,3,0,0.0,Active,0,0.0
player_338,27.1623083685382,3,2026-01-06,0.0,20,0,0.0,Active,0,0.0
player_339,8.003846566146027,13,2025-12-27,171.32697759123866,40,0,5.149393704645161,At_Risk,1,0.04
player_340,30.72563810793262,2,2026-01-07,0.0,45,0,0.0,Active,0,0.0
player_341,21.67618503511912,4,2026-01-05,0.0,22,0,0.0,Active,0,0.0
player_342,8.529982348832055,5,2026-01-04,0.0,44,0,0.0,Active,0,0.0
player_343,16.102261207024338,0,2026-01-09,0.0,24,0,0.0,Active,0,0.0
player_344,26.39415287555077,2,2026-01-07,0.0,15,0,0.0,Active,0,0.0
player_345,18.1767160716526,19,2025-12-21,0.0,30,1,0.0,Churned_Status,0,1.0
player_346,9.249202275058284,7,2026-01-02,24.895533309063488,1,0,3.254070494723192,Active,0,0.0
player_347,9.651938941348874,14,2025-12-26,0.0,7,0,0.0,At_Risk,0,0.0
player_348,6.150301175670611,1,2026-01-08,1.2579783180294446,11,0,0.8144698633914852,Active,0,0.0
player_349,16.10133966265266,2,2026-01-07,0.0,21,0,0.0,Active,0,0.0
player_350,18.19012028454018,4,2026-01-05,10.560825391699884,19,0,2.4476222613614054,Active,0,0.0
player_351,3.2447314022218148,5,2026-01-04,0.0,34,0,0.0,Active,0,0.0
player_352,47.23052816728894,3,2026-01-06,0.0,45,0,0.0,Active,0,0.0
player_353,14.680679616208604,4,2026-01-05,0.0,10,0,0.0,Active,0,0.0
player_354,13.635954960414242,9,2025-12-31,0.0,26,0,0.0,At_Risk,0,0.0
player_355,8.354961420781494,8,2026-01-01,0.0,29,0,0.0,At_Risk,0,0.0
player_356,11.141151494519828,1,2026-01-08,0.0,1,0,0.0,Active,0,0.0
player_357,30.730084427868967,0,2026-01-09,24.77847644360666,26,0,3.2495398973785754,Active,0,0.0
player_358,5.586501001276579,2,2026-01-07,0.0,39,0,0.0,Active,0,0.0
player_359,17.16577509767947,0,2026-01-09,0.0,44,0,0.0,Active,0,0.0
player_360,12.433079468544104,7,2026-01-02,0.0,28,0,0.0,Active,0,0.0
player_361,15.079729237192671,3,2026-01-06,0.0,5,0,0.0,Active,0,0.0
player_362,25.81572546393929,1,2026-01-08,0.0,14,0,0.0,Active,0,0.0
player_363,5.75591490234808,2,2026-01-07,0.0,23,0,0.0,Active,0,0.0
player_364,9.648433566395818,6,2026-01-03,0.0,46,0,0.0,Active,0,0.0
player_365,14.682216600500972,3,2026-01-06,0.0,45,0,0.0,Active,0,0.0
player_366,9.068094625296958,11,2025-12-29,0.0,43,0,0.0,At_Risk,0,0.0
player_367,24.15609855931079,0,2026-01-09,0.0,45,0,0.0,Active,0,0.0
player_368,18.77081384541365,3,2026-01-06,0.0,46,0,0.0,Active,0,0.0
player_369,8.566889131097607,11,2025-12-29,0.0,14,0,0.0,At_Risk,0,0.0
player_370,11.917694361381312,0,2026-01-09,37.95410090316354,10,0,3.662384053120201,Active,0,0.01
player_371,9.823354774517838,1,2026-01-08,0.0,28,0,0.0,Active,0,0.0
player_372,3.165954884868494,3,2026-01-06,0.0,18,0,0.0,Active,0,0.0
player_373,15.719781615663264,1,2026-01-08,155.4702342281218,12,0,5.052865795265117,Active,1,0.0
player_374,26.38880304200648,0,2026-01-09,0.0,45,0,0.0,Active,0,0.0
player_375,16.871002586961925,21,2025-12-19,0.0,4,1,0.0,Churned_Status,0,1.0
player_376,22.30673720134904,5,2026-01-04,0.0,39,0,0.0,Active,0,0.0
player_377,72.39412101333733,12,2025-12-28,20.92655155324224,2,0,3.087698302150877,At_Risk,0,0.0
player_378,10.72221916378627,2,2026-01-07,0.0,40,0,0.0,Active,0,0.0
player_379,25.113720754043364,0,2026-01-09,0.0,31,0,0.0,Active,0,0.0
player_380,22.635521476023467,1,2026-01-08,0.0,4,0,0.0,Active,0,0.0
player_381,19.725896777113043,3,2026-01-06,25.441258982664007,23,0,3.274925630440775,Active,0,0.0
player_382,34.95287222783722,2,2026-01-07,0.0,43,0,0.0,Active,0,0.0
player_383,27.053083208964747,2,2026-01-07,0.0,40,0,0.0,Active,0,0.0
player_384,10.723846567673467,7,2026-01-02,21.17195667435804,17,0,3.098828277485562,Active,0,0.0
player_385,16.606951782722664,2,2026-01-07,40.661822761652985,21,0,3.729585188155876,Active,0,0.0
player_386,2.560711460661236,4,2026-01-05,0.0,37,0,0.0,Active,0,0.0
player_387,15.609254111751753,2,2026-01-07,16.900209441793223,29,0,2.8848124134370963,Active,0,0.0
player_388,30.47648006578437,13,2025-12-27,40.43902733445353,33,0,3.724223126016824,At_Risk,0,0.0
player_389,8.721130491082373,3,2026-01-06,7.30861416657196,34,0,2.117292828001352,Active,0,0.02
player_390,22.731555651744447,4,2026-01-05,0.0,34,0,0.0,Active,0,0.0
player_391,7.7627636957890385,9,2025-12-31,0.0,5,0,0.0,At_Risk,0,0.0
player_392,3.789962620567697,1,2026-01-08,0.0,6,0,0.0,Active,0,0.03
player_393,16.914223591468055,0,2026-01-09,6.101540792747049,3,0,1.9603117735663056,Active,0,0.0
player_394,42.906602493176834,4,2026-01-05,29.194852228452618,1,0,3.4076714538400443,Active,0,0.0
player_395,13.767590762050094,6,2026-01-03,124.27814946669316,31,0,4.830536460954384,Active,1,0.0
player_396,33.72992353759416,0,2026-01-09,0.0,20,0,0.0,Active,0,0.0
player_397,22.14015655067702,4,2026-01-05,43.82049891694178,20,0,3.8026655998802537,Active,0,0.0
player_398,20.2495269631908,0,2026-01-09,26.29240350370563,7,0,3.306608403531912,Active,0,0.0
player_399,35.451332995334745,11,2025-12-29,114.64548258755458,48,0,4.75052932684714,At_Risk,1,0.06
player_400,10.621531581436903,0,2026-01-09,2.821727993875556,31,0,1.3407026747547528,Active,0,0.0
player_401,68.97655435529815,1,2026-01-08,38.50416537699853,10,0,3.676406118929585,Active,0,0.01
player_402,12.875132729959615,1,2026-01-08,0.0,17,0,0.0,Active,0,0.0
player_403,11.538698285781726,2,2026-01-07,33.92941146627693,26,0,3.5533292097296707,Active,0,0.0
player_404,14.81531127831696,3,2026-01-06,46.74720201161308,49,0,3.865920468594458,Active,0,0.0
player_405,30.600174245048663,10,2025-12-30,0.0,27,0,0.0,At_Risk,0,0.0
player_406,20.83983904221946,0,2026-01-09,0.0,13,0,0.0,Active,0,0.0
player_407,16.558960011024663,6,2026-01-03,0.0,17,0,0.0,Active,0,0.0
player_408,14.14552038108585,0,2026-01-09,0.0,23,0,0.0,Active,0,0.0
player_409,5.117231710088335,6,2026-01-03,0.0,28,0,0.0,Active,0,0.0
player_410,5.579129178680637,6,2026-01-03,0.0,18,0,0.0,Active,0,0.0
player_411,30.51238393225269,1,2026-01-08,0.0,9,0,0.0,Active,0,0.0
player_412,6.201277763452629,7,2026-01-02,0.0,3,0,0.0,Active,0,0.0
player_413,20.96139994438659,6,2026-01-03,81.7905657881263,13,0,4.416314115142658,Active,0,0.0
player_414,41.26745655123828,4,2026-01-05,0.0,30,0,0.0,Active,0,0.0
player_415,12.246149191256617,0,2026-01-09,15.387668664800469,35,0,2.7965291413206343,Active,0,0.0
player_416,32.385637183656954,0,2026-01-09,29.00768608956521,15,0,3.4014535518332822,Active,0,0.0
player_417,10.5654668030426,1,2026-01-08,0.0,25,0,0.0,Active,0,0.0
player_418,10.25174812039501,6,2026-01-03,35.33177253485261,8,0,3.592692634881973,Active,0,0.0
player_419,9.813833999178712,13,2025-12-27,0.0,18,0,0.0,At_Risk,0,0.0
player_420,44.228791028724046,6,2026-01-03,1.7698185349396558,25,0,1.0187818072012078,Active,0,0.0
player_421,6.609665608907058,2,2026-01-07,0.0,26,0,0.0,Active,0,0.0
player_422,16.209790010519775,0,2026-01-09,8.212378672113116,13,0,2.220548087508852,Active,0,0.0
player_423,2.3588599475250147,4,2026-01-05,0.0,32,0,0.0,Active,0,0.0
player_424,52.68592761945986,1,2026-01-08,45.7910245625679,3,0,3.845691401679805,Active,0,0.0
player_425,24.54802444966764,6,2026-01-03,0.0,48,0,0.0,Active,0,0.0
player_426,36.28671250093971,2,2026-01-07,7.556629832436252,28,0,2.1467064014650723,Active,0,0.0
player_427,4.650628220577357,2,2026-01-07,0.0,12,0,0.0,Active,0,0.0
player_428,28.64417337237201,11,2025-12-29,0.0,33,0,0.0,At_Risk,0,0.0
player_429,24.71584159915215,12,2025-12-28,0.0,31,0,0.0,At_Risk,0,0.0
player_430,9.690469580149664,1,2026-01-08,0.0,26,0,0.0,Active,0,0.0
player_431,26.61580875776382,1,2026-01-08,0.0,26,0,0.0,Active,0,0.0
player_432,51.22976655803995,10,2025-12-30,0.0,27,0,0.0,At_Risk,0,0.0
player_433,27.48275217863001,7,2026-01-02,126.36441166838604,36,0,4.847052360852191,Active,1,0.0
player_434,27.536865114339243,15,2025-12-25,0.0,15,1,0.0,Churned_Status,0,0.92
player_435,19.874458650769885,4,2026-01-05,61.22481471850488,24,0,4.130753870643837,Active,0,0.0
player_436,27.961235917505345,4,2026-01-05,0.0,47,0,0.0,Active,0,0.0
player_437,9.422231157121582,3,2026-01-06,11.99400298676684,20,0,2.5644879423156963,Active,0,0.0
player_438,13.682697901928483,2,2026-01-07,0.0,16,0,0.0,Active,0,0.0
player_439,10.536639864346384,3,2026-01-06,0.0,43,0,0.0,Active,0,0.0
player_440,45.27635528435503,2,2026-01-07,0.0,21,0,0.0,Active,0,0.0
player_441,4.660398507488619,0,2026-01-09,0.0,24,0,0.0,Active,0,0.0
player_442,19.759084012056583,9,2025-12-31,0.0,40,0,0.0,At_Risk,0,0.0
player_443,26.461968865032176,9,2025-12-31,0.0,38,0,0.0,At_Risk,0,0.0
player_444,34.25533685047498,2,2026-01-07,0.0,15,0,0.0,Active,0,0.0
player_445,30.155002860004743,5,2026-01-04,226.21450876369607,46,0,5.425894543803238,Active,1,0.0
player_446,9.25166424640125,11,2025-12-29,0.0,3,0,0.0,At_Risk,0,0.0
player_447,16.639315259705754,6,2026-01-03,39.86889751741101,26,0,3.7103693218615006,Active,0,0.0
player_448,9.15108832418311,10,2025-12-30,0.0,25,0,0.0,At_Risk,0,0.0
player_449,8.45142469020779,3,2026-01-06,12.7929887031782,35,0,2.6241603980673243,Active,0,0.0
player_450,5.667228162496044,11,2025-12-29,0.0,48,0,0.0,At_Risk,0,0.0
player_451,27.98405624092605,0,2026-01-09,5.320503716367499,17,0,1.8437989069396168,Active,0,0.01
player_452,11.19758513435148,5,2026-01-04,0.0,33,0,0.0,Active,0,0.0
player_453,19.28488767708596,1,2026-01-08,239.459541360086,1,0,5.4825518482010445,Active,1,0.0
player_454,7.564483179543835,2,2026-01-07,0.0,26,0,0.0,Active,0,0.0
player_455,35.479439136274145,9,2025-12-31,0.0,11,0,0.0,At_Risk,0,0.0
player_456,5.893254445729408,0,2026-01-09,235.2010149578475,30,0,5.464683200781327,Active,1,0.0
player_457,18.57549818119908,2,2026-01-07,127.61656724556988,30,0,4.856835631231989,Active,1,0.0
player_458,9.201455958830534,1,2026-01-08,0.0,34,0,0.0,Active,0,0.0
player_459,19.49050934006292,1,2026-01-08,26.02371120081987,19,0,3.2967146732417576,Active,0,0.0
player_460,21.405316754463097,7,2026-01-02,0.0,48,0,0.0,Active,0,0.0
player_461,10.544509462345788,1,2026-01-08,0.0,3,0,0.0,Active,0,0.0
player_462,26.409918813693977,0,2026-01-09,0.0,3,0,0.0,Active,0,0.0
player_463,8.583368670843445,7,2026-01-02,9.671377433222592,35,0,2.3675651510044817,Active,0,0.0
player_464,11.022130528940872,9,2025-12-31,0.0,31,0,0.0,At_Risk,0,0.0
player_465,21.97172796824031,3,2026-01-06,52.16575367994503,32,0,3.973414461245303,Active,0,0.0
player_466,15.437851991959448,7,2026-01-02,0.0,48,0,0.0,Active,0,0.0
player_467,25.59762570314664,5,2026-01-04,0.0,29,0,0.0,Active,0,0.0
player_468,48.04426498579653,2,2026-01-07,0.0,35,0,0.0,Active,0,0.0
player_469,7.879725534483121,0,2026-01-09,0.0,26,0,0.0,Active,0,0.0
player_470,11.536640284575771,6,2026-01-03,0.0,36,0,0.0,Active,0,0.0
player_471,56.405871091104565,5,2026-01-04,0.0,35,0,0.0,Active,0,0.0
player_472,27.325830886759736,0,2026-01-09,0.0,15,0,0.0,Active,0,0.0
player_473,15.015378852445483,2,2026-01-07,0.0,30,0,0.0,Active,0,0.0
player_474,23.106747372434327,2,2026-01-07,0.0,17,0,0.0,Active,0,0.0
player_475,8.93375083759519,4,2026-01-05,0.0,26,0,0.0,Active,0,0.0
player_476,12.63790535991075,3,2026-01-06,5.653255056552375,49,0,1.8951062170987611,Active,0,0.0
player_477,26.120642706668352,18,2025-12-22,4.441851931338121,40,1,1.69411943149,Churned_Status,0,1.0
player_478,13.022238454323285,2,2026-01-07,0.0,13,0,0.0,Active,0,0.0
player_479,32.87236501752843,2,2026-01-07,18.56957620389882,38,0,2.973976125777429,Active,0,0.0
player_480,8.228571983855863,10,2025-12-30,30.508406950776468,8,0,3.4502543975497373,At_Risk,0,0.01
player_481,12.27561830058162,0,2026-01-09,0.6180449603304666,11,0,0.4812186058463175,Active,0,0.0
player_482,38.538256413939074,2,2026-01-07,0.0,4,0,0.0,Active,0,0.0
player_483,24.61469857250524,0,2026-01-09,0.0,9,0,0.0,Active,0,0.0
player_484,2.582813325075088,22,2025-12-18,74.0334790146641,38,1,4.317934400797522,Churned_Status,0,0.98
player_485,16.263572116117125,0,2026-01-09,0.0,24,0,0.0,Active,0,0.0
player_486,5.325808974352613,7,2026-01-02,43.94151490192334,21,0,3.805361975622129,Active,0,0.0
player_487,21.135193122491582,1,2026-01-08,0.0,15,0,0.0,Active,0,0.0
player_488,14.501691480923892,2,2026-01-07,0.0,37,0,0.0,Active,0,0.0
player_489,20.642450475403336,3,2026-01-06,0.0,11,0,0.0,Active,0,0.0
player_490,20.583928302494137,0,2026-01-09,0.0,48,0,0.0,Active,0,0.0
player_491,31.55523727250737,6,2026-01-03,0.0,1,0,0.0,Active,0,0.0
player_492,17.3762088189156,2,2026-01-07,0.0,26,0,0.0,Active,0,0.0
player_493,23.54445039251792,0,2026-01-09,0.0,17,0,0.0,Active,0,0.0
player_494,10.06766420660172,1,2026-01-08,46.72392389593808,29,0,3.865432821341636,Active,0,0.0
player_495,14.512450808687763,6,2026-01-03,0.0,49,0,0.0,Active,0,0.0
player_496,8.302218202658642,5,2026-01-04,47.21465950495261,16,0,3.8756631139225326,Active,0,0.01
player_497,8.298804139028634,3,2026-01-06,0.0,44,0,0.0,Active,0,0.0
player_498,14.20731207932006,0,2026-01-09,0.0,29,0,0.0,Active,0,0.0
player_499,27.24340507901324,3,2026-01-06,0.0,48,0,0.0,Active,0,0.0
player_500,5.947590963410896,2,2026-01-07,69.21308088873643,42,0,4.251534631119488,Active,0,0.0
player_501,32.87124162673192,7,2026-01-02,0.0,5,0,0.0,Active,0,0.0
player_502,15.107105435880705,3,2026-01-06,21.569691220058026,33,0,3.116607909745962,Active,0,0.0
player_503,2.9663848438814417,10,2025-12-30,0.0,1,1,0.0,At_Risk,0,0.9
player_504,14.966118215260607,2,2026-01-07,15.45675794415325,4,0,2.800736210122823,Active,0,0.0
player_505,16.830245657503855,13,2025-12-27,0.0,24,0,0.0,At_Risk,0,0.0
player_506,22.18860928354741,1,2026-01-08,9.966213768579774,1,0,2.39481907055255,Active,0,0.0
player_507,18.140960416618203,6,2026-01-03,0.0,34,0,0.0,Active,0,0.0
player_508,30.90867144946569,1,2026-01-08,0.0,3,0,0.0,Active,0,0.0
player_509,30.99248653009251,3,2026-01-06,0.0,33,0,0.0,Active,0,0.0
player_510,18.50201586526076,4,2026-01-05,74.81252021562598,24,0,4.328263453357173,Active,0,0.0
player_511,20.57078414980742,2,2026-01-07,0.0,17,0,0.0,Active,0,0.0
player_512,17.711570320117865,0,2026-01-09,0.0,38,0,0.0,Active,0,0.0
player_513,24.288659396535515,2,2026-01-07,0.0,7,0,0.0,Active,0,0.0
player_514,7.207064626682989,1,2026-01-08,47.37641221508188,24,0,3.879012344000465,Active,0,0.0
player_515,7.588758014344154,1,2026-01-08,0.0,38,0,0.0,Active,0,0.0
player_516,41.205197852277536,11,2025-12-29,0.0,25,0,0.0,At_Risk,0,0.0
player_517,30.7399235894972,3,2026-01-06,0.0,35,0,0.0,Active,0,0.0
player_518,35.45093157892999,21,2025-12-19,0.0,19,1,0.0,Churned_Status,0,1.0
player_519,40.173073065807394,13,2025-12-27,0.0,39,0,0.0,At_Risk,0,0.0
player_520,17.08551205653463,3,2026-01-06,0.0,16,0,0.0,Active,0,0.0
player_521,19.89468008796725,20,2025-12-20,0.0,31,1,0.0,Churned_Status,0,1.0
player_522,28.72204463328959,2,2026-01-07,0.0,33,0,0.0,Active,0,0.0
player_523,6.782978864084032,3,2026-01-06,0.0,38,0,0.0,Active,0,0.0
player_524,10.326350630310008,8,2026-01-01,1.198289277009607,3,0,0.787679456516243,At_Risk,0,0.0
player_525,24.999742864240872,1,2026-01-08,6.237890964003135,33,0,1.9793298606460887,Active,0,0.01
player_526,34.30501007112095,10,2025-12-30,0.0,31,0,0.0,At_Risk,0,0.0
player_527,21.404337070552128,4,2026-01-05,0.0,12,0,0.0,Active,0,0.0
player_528,31.185359804079447,6,2026-01-03,0.0,33,0,0.0,Active,0,0.0
player_529,19.60110917095212,10,2025-12-30,0.0,24,0,0.0,At_Risk,0,0.0
player_530,19.564757249838348,9,2025-12-31,0.0,26,0,0.0,At_Risk,0,0.0
player_531,27.43022261360465,0,2026-01-09,70.8955285338449,5,0,4.27521407272142,Active,0,0.0
player_532,8.492285504134042,16,2025-12-24,0.0,38,1,0.0,Churned_Status,0,0.97
player_533,8.866514188755916,0,2026-01-09,4.958685507523156,49,0,1.784849904322994,Active,0,0.01
player_534,43.80449767267999,1,2026-01-08,0.0,31,0,0.0,Active,0,0.0
player_535,16.345997618733552,0,2026-01-09,0.0,1,0,0.0,Active,0,0.0
player_536,16.07262028387111,4,2026-01-05,100.27107851749358,3,0,4.617800867208423,Active,0,0.0
player_537,51.78206155327682,0,2026-01-09,0.0,3,0,0.0,Active,0,0.0
player_538,4.64180565295478,6,2026-01-03,0.0,32,0,0.0,Active,0,0.0
player_539,9.454646748482098,9,2025-12-31,71.8615878448141,14,0,4.288561584436749,At_Risk,0,0.01
player_540,2.899341898280255,2,2026-01-07,0.0,40,0,0.0,Active,0,0.01
player_541,15.102458897454136,8,2026-01-01,0.0,30,0,0.0,At_Risk,0,0.0
player_542,13.709951299349743,8,2026-01-01,0.0,19,0,0.0,At_Risk,0,0.0
player_543,6.292025977599992,1,2026-01-08,0.0,30,0,0.0,Active,0,0.0
player_544,13.397158390027055,0,2026-01-09,0.0,9,0,0.0,Active,0,0.0
player_545,8.982954478860933,2,2026-01-07,0.0,4,0,0.0,Active,0,0.0
player_546,5.246597024476484,13,2025-12-27,0.0,16,0,0.0,At_Risk,0,0.01
player_547,26.10652959376653,0,2026-01-09,0.0,43,0,0.0,Active,0,0.0
player_548,5.032619230861849,2,2026-01-07,0.0,44,0,0.0,Active,0,0.0
player_549,29.33771514181524,2,2026-01-07,0.0,10,0,0.0,Active,0,0.0
player_550,4.043635443816035,0,2026-01-09,19.471770301161392,2,0,3.0190468786480675,Active,0,0.01
player_551,1.4604291313022288,1,2026-01-08,0.0,36,0,0.0,Active,0,0.0
player_552,17.444429315574737,1,2026-01-08,11.568622434636444,41,0,2.5312034250799758,Active,0,0.0
player_553,6.73330272175042,1,2026-01-08,0.0,6,0,0.0,Active,0,0.0
player_554,15.018241003441323,2,2026-01-07,0.0,6,0,0.0,Active,0,0.0
player_555,1.0,3,2026-01-06,0.0,30,0,0.0,Active,0,0.04
player_556,24.860399595685028,9,2025-12-31,0.0,46,0,0.0,At_Risk,0,0.0
player_557,22.65436352794232,0,2026-01-09,0.0,38,0,0.0,Active,0,0.0
player_558,6.334056128802144,1,2026-01-08,0.0,46,0,0.0,Active,0,0.0
player_559,5.335576726500397,2,2026-01-07,8.271245042309017,35,0,2.226917679330348,Active,0,0.0
player_560,7.994436009795965,7,2026-01-02,0.0,40,0,0.0,Active,0,0.0
player_561,42.54805286313203,2,2026-01-07,0.0,25,0,0.0,Active,0,0.0
player_562,10.557982979388816,1,2026-01-08,29.26368212588532,8,0,3.409948383901437,Active,0,0.0
player_563,12.49940501074531,4,2026-01-05,0.0,43,0,0.0,Active,0,0.0
player_564,31.344550221875046,1,2026-01-08,0.0,31,0,0.0,Active,0,0.0
player_565,14.124976128644594,2,2026-01-07,0.0,12,0,0.0,Active,0,0.0
player_566,21.735792208549164,0,2026-01-09,0.0,37,0,0.0,Active,0,0.0
player_567,16.566563660438202,3,2026-01-06,27.131020063066146,21,0,3.336872884306657,Active,0,0.0
player_568,6.148203604488122,1,2026-01-08,0.0,30,0,0.0,Active,0,0.0
player_569,45.281607068176925,2,2026-01-07,0.0,6,0,0.0,Active,0,0.0
player_570,31.69776904004841,1,2026-01-08,54.88795188207744,43,0,4.023348827093547,Active,0,0.01
player_571,37.19803323921584,0,2026-01-09,23.84938806320129,8,0,3.212833127016144,Active,0,0.0
player_572,8.669334444202176,5,2026-01-04,0.0,20,0,0.0,Active,0,0.0
player_573,24.041866011224577,9,2025-12-31,0.0,23,0,0.0,At_Risk,0,0.0
player_574,17.46633136784609,0,2026-01-09,0.0,20,0,0.0,Active,0,0.0
player_575,19.7468122976938,2,2026-01-07,0.0,6,0,0.0,Active,0,0.0
player_576,25.61687491184219,1,2026-01-08,120.85811787877851,37,0,4.802857399754237,Active,1,0.0
player_577,9.696014531349116,1,2026-01-08,0.0,4,0,0.0,Active,0,0.0
player_578,23.807514506258283,0,2026-01-09,49.608088009448245,9,0,3.924111405603993,Active,0,0.0
player_579,9.795472335924693,13,2025-12-27,11.421866185366955,2,0,2.519458321688729,At_Risk,0,0.0
player_580,7.673075040211826,3,2026-01-06,0.0,17,0,0.0,Active,0,0.01
player_581,34.67105426680181,10,2025-12-30,0.0,7,0,0.0,At_Risk,0,0.0
player_582,3.3279174946906505,6,2026-01-03,0.0,13,0,0.0,Active,0,0.0
player_583,12.405526444791196,0,2026-01-09,0.0,15,0,0.0,Active,0,0.0
player_584,30.259036256439632,3,2026-01-06,12.6845313586448,34,0,2.616266097013675,Active,0,0.0
player_585,5.801207532389761,4,2026-01-05,0.0,31,0,0.0,Active,0,0.0
player_586,20.260943728219807,3,2026-01-06,0.0,36,0,0.0,Active,0,0.0
player_587,26.17055096670281,3,2026-01-06,0.0,48,0,0.0,Active,0,0.0
player_588,28.85699320940841,2,2026-01-07,0.0,42,0,0.0,Active,0,0.0
player_589,19.84546014215121,1,2026-01-08,0.0,15,0,0.0,Active,0,0.0
player_590,26.6313538476115,1,2026-01-08,0.0,33,0,0.0,Active,0,0.0
player_591,11.240585811156896,0,2026-01-09,0.0,31,0,0.0,Active,0,0.0
player_592,11.749418230824622,1,2026-01-08,0.0,29,0,0.0,Active,0,0.0
player_593,38.41348440336249,1,2026-01-08,45.04276152087574,49,0,3.8295705629601065,Active,0,0.0
player_594,20.57180686618841,9,2025-12-31,0.0,22,0,0.0,At_Risk,0,0.0
player_595,18.134986994708694,4,2026-01-05,0.0,3,0,0.0,Active,0,0.0
player_596,19.887044042525435,23,2025-12-17,0.0,30,1,0.0,Churned_Status,0,1.0
player_597,15.360026297609174,1,2026-01-08,0.0,6,0,0.0,Active,0,0.0
player_598,2.458006684362625,7,2026-01-02,0.0,47,0,0.0,Active,0,0.0
player_599,34.45598924567062,0,2026-01-09,62.32764317402227,11,0,4.148321934835406,Active,0,0.0
player_600,14.881527469993166,9,2025-12-31,0.0,41,0,0.0,At_Risk,0,0.0
player_601,23.02159603353612,3,2026-01-06,0.0,47,0,0.0,Active,0,0.0
player_602,9.62423581367719,4,2026-01-05,0.0,30,0,0.0,Active,0,0.0
player_603,7.129231203317779,0,2026-01-09,0.0,45,0,0.0,Active,0,0.0
player_604,28.082935349395672,1,2026-01-08,15.444313169946517,32,0,2.7999797134873745,Active,0,0.0
player_605,14.025767816025256,1,2026-01-08,0.0,13,0,0.0,Active,0,0.0
player_606,5.453140548912474,0,2026-01-09,126.59901962816096,16,0,4.848892687716291,Active,1,0.0
player_607,15.170228013900754,5,2026-01-04,0.0,13,0,0.0,Active,0,0.0
player_608,17.333561739677364,0,2026-01-09,0.0,31,0,0.0,Active,0,0.0
player_609,6.024504162085118,4,2026-01-05,0.0,43,0,0.0,Active,0,0.0
player_610,24.45356460440936,3,2026-01-06,0.0,7,0,0.0,Active,0,0.0
player_611,7.649439025658168,7,2026-01-02,0.0,2,0,0.0,Active,0,0.0
player_612,9.284573756120622,3,2026-01-06,9.939690876110706,22,0,2.392397540297608,Active,0,0.0
player_613,61.171578765237776,4,2026-01-05,42.08675807181379,36,0,3.763215712589744,Active,0,0.0
player_614,7.3932594284768385,0,2026-01-09,1.9616677919730208,5,0,1.0857525528955585,Active,0,0.0
player_615,4.813420285309309,13,2025-12-27,6.9960545583120135,45,1,2.0789482398154777,At_Risk,0,0.76
player_616,30.82817179605692,1,2026-01-08,0.0,28,0,0.0,Active,0,0.0
player_617,23.26709607342877,4,2026-01-05,35.745108057170704,46,0,3.6040051027077857,Active,0,0.01
player_618,17.166988553512933,0,2026-01-09,0.0,2,0,0.0,Active,0,0.0
player_619,16.991684320009558,4,2026-01-05,0.0,7,0,0.0,Active,0,0.0
player_620,4.275566480098089,2,2026-01-07,67.87121645060232,45,0,4.2322383323976025,Active,0,0.0
player_621,17.166454689490664,6,2026-01-03,30.317876678211864,11,0,3.444189074386776,Active,0,0.0
player_622,6.596881093178365,13,2025-12-27,0.0,17,0,0.0,At_Risk,0,0.0
player_623,18.005131593092727,1,2026-01-08,0.0,21,0,0.0,Active,0,0.0
player_624,19.43993121704085,5,2026-01-04,0.0,1,0,0.0,Active,0,0.0
player_625,8.18460006822663,4,2026-01-05,0.0,5,0,0.0,Active,0,0.0
player_626,34.81263071994954,1,2026-01-08,0.0,29,0,0.0,Active,0,0.0
player_627,10.578943603215905,13,2025-12-27,14.55193202638339,44,0,2.7441848769770107,At_Risk,0,0.0
player_628,15.117142830625284,18,2025-12-22,54.1434171421613,34,1,4.009937375785747,Churned_Status,0,0.98
player_629,6.086776194114706,1,2026-01-08,0.0,2,0,0.0,Active,0,0.0
player_630,15.736340003697087,0,2026-01-09,0.0,43,0,0.0,Active,0,0.0
player_631,10.4100809924137,4,2026-01-05,0.0,4,0,0.0,Active,0,0.0
player_632,2.865860650591696,6,2026-01-03,0.0,28,0,0.0,Active,0,0.01
player_633,2.0141494195649354,4,2026-01-05,0.0,14,0,0.0,Active,0,0.0
player_634,3.48507376234077,12,2025-12-28,0.0,8,1,0.0,At_Risk,0,0.92
player_635,16.913982508286672,18,2025-12-22,0.0,37,1,0.0,Churned_Status,0,1.0
player_636,33.205501775809324,5,2026-01-04,0.0,27,0,0.0,Active,0,0.0
player_637,27.168735103009688,11,2025-12-29,76.46089565425305,44,0,4.349773236816724,At_Risk,0,0.0
player_638,15.673671965396885,3,2026-01-06,0.0,35,0,0.0,Active,0,0.0
player_639,5.032438030123581,0,2026-01-09,0.0,8,0,0.0,Active,0,0.0
player_640,27.21165696683152,0,2026-01-09,0.0,42,0,0.0,Active,0,0.0
player_641,27.093158112238594,19,2025-12-21,0.0,38,1,0.0,Churned_Status,0,1.0
player_642,32.149051163174576,5,2026-01-04,13.043806801367264,6,0,2.642181501544463,Active,0,0.0
player_643,12.05983070662901,3,2026-01-06,0.0,11,0,0.0,Active,0,0.0
player_644,40.363446631073394,2,2026-01-07,0.0,48,0,0.0,Active,0,0.0
player_645,6.025431568126288,0,2026-01-09,0.0,48,0,0.0,Active,0,0.0
player_646,10.19633142609296,0,2026-01-09,16.344006181955393,49,0,2.853246981689102,Active,0,0.0
player_647,3.047225278908063,0,2026-01-09,17.892788482452325,17,0,2.9387802874773707,Active,0,0.02
player_648,11.86427968460067,2,2026-01-07,0.0,25,0,0.0,Active,0,0.0
player_649,7.768076033501591,6,2026-01-03,1.2400256387120077,8,0,0.8064873116550201,Active,0,0.0
player_650,31.73501327048249,1,2026-01-08,0.0,33,0,0.0,Active,0,0.0
player_651,43.93626902862802,1,2026-01-08,42.87704695042383,34,0,3.7813913348384736,Active,0,0.0
player_652,12.485005863994786,5,2026-01-04,0.0,17,0,0.0,Active,0,0.0
player_653,13.19905359454361,5,2026-01-04,0.0,18,0,0.0,Active,0,0.0
player_654,34.502182971886924,16,2025-12-24,36.08607427979177,20,1,3.6132415428097207,Churned_Status,0,0.95
player_655,4.543927416981706,3,2026-01-06,0.0,27,0,0.0,Active,0,0.0
player_656,36.41064634554383,2,2026-01-07,0.0,15,0,0.0,Active,0,0.0
player_657,23.415591893146832,5,2026-01-04,70.73878831990994,4,0,4.273031582080123,Active,0,0.0
player_658,13.920060613508433,13,2025-12-27,0.0,10,0,0.0,At_Risk,0,0.0
player_659,42.40568758002862,9,2025-12-31,44.53412893470564,16,0,3.8184621312596847,At_Risk,0,0.0
player_660,53.76026228487576,3,2026-01-06,8.222786753964524,4,0,2.2216772428721705,Active,0,0.0
player_661,8.754109586529632,3,2026-01-06,0.0,22,0,0.0,Active,0,0.0
player_662,1.61128647653717,18,2025-12-22,0.0,31,1,0.0,Churned_Status,0,0.99
player_663,5.578702256525277,1,2026-01-08,14.40431122162514,30,0,2.7346474196972244,Active,0,0.0
player_664,40.26282848653605,0,2026-01-09,95.47418775599655,44,0,4.569275488170791,Active,0,0.0
player_665,35.91761501836575,10,2025-12-30,0.0111386168302505,13,0,0.0110770392750671,At_Risk,0,0.0
player_666,34.52172749770915,5,2026-01-04,0.0,48,0,0.0,Active,0,0.0
player_667,34.51595236059344,3,2026-01-06,79.89337199695889,48,0,4.393131892363994,Active,0,0.0
player_668,9.845619495012786,2,2026-01-07,0.0,42,0,0.0,Active,0,0.0
player_669,19.055887731538867,0,2026-01-09,21.03046545634953,33,0,3.092426288886537,Active,0,0.0
player_670,4.14521650493456,8,2026-01-01,0.0,42,1,0.0,At_Risk,0,0.33
player_671,26.231396997962907,6,2026-01-03,0.0,7,0,0.0,Active,0,0.0
player_672,5.171230279476051,10,2025-12-30,0.0,18,0,0.0,At_Risk,0,0.0
player_673,14.071919183922612,7,2026-01-02,0.0,40,0,0.0,Active,0,0.0
player_674,31.45230936093161,1,2026-01-08,0.0,21,0,0.0,Active,0,0.0
player_675,4.950810214898062,11,2025-12-29,111.93337722409304,47,1,4.726798062752804,At_Risk,1,0.58
player_676,1.8937985863575728,3,2026-01-06,0.0,49,0,0.0,Active,0,0.0
player_677,18.40021422598725,2,2026-01-07,167.536864884622,43,0,5.127154508561025,Active,1,0.0
player_678,61.64739802975092,6,2026-01-03,0.0,4,0,0.0,Active,0,0.0
player_679,23.75463483209909,4,2026-01-05,0.0,10,0,0.0,Active,0,0.0
player_680,32.506345442961845,5,2026-01-04,0.0,4,0,0.0,Active,0,0.0
player_681,13.257040333279084,0,2026-01-09,0.0,46,0,0.0,Active,0,0.0
player_682,34.57482625990321,12,2025-12-28,0.0,7,0,0.0,At_Risk,0,0.0
player_683,16.38470073921833,8,2026-01-01,0.0,3,0,0.0,At_Risk,0,0.0
player_684,4.033860700777828,6,2026-01-03,0.0,43,0,0.0,Active,0,0.0
player_685,24.19789798556755,22,2025-12-18,0.0,49,1,0.0,Churned_Status,0,1.0
player_686,23.38434778312357,6,2026-01-03,0.0,8,0,0.0,Active,0,0.0
player_687,33.743562274976924,1,2026-01-08,0.0,12,0,0.0,Active,0,0.0
player_688,11.718790080601364,0,2026-01-09,29.16533286727771,26,0,3.4066933467159024,Active,0,0.0
player_689,20.80686287369289,2,2026-01-07,0.0,38,0,0.0,Active,0,0.0
player_690,15.056501257672476,13,2025-12-27,0.0,3,0,0.0,At_Risk,0,0.0
player_691,21.0677401449998,4,2026-01-05,76.17936497153244,17,0,4.346132128186694,Active,0,0.0
player_692,16.31836613810938,2,2026-01-07,0.0,26,0,0.0,Active,0,0.0
player_693,3.531429370845867,4,2026-01-05,0.0,11,0,0.0,Active,0,0.03
player_694,15.272361910047774,4,2026-01-05,0.0,32,0,0.0,Active,0,0.0
player_695,18.19319280245144,5,2026-01-04,0.0,26,0,0.0,Active,0,0.0
player_696,10.94580038352812,1,2026-01-08,0.0,41,0,0.0,Active,0,0.0
player_697,32.2979596927634,5,2026-01-04,0.0,6,0,0.0,Active,0,0.0
player_698,4.959226199225452,2,2026-01-07,0.0,10,0,0.0,Active,0,0.03
player_699,6.440633915084691,0,2026-01-09,0.0,13,0,0.0,Active,0,0.0
player_700,31.705539876350308,5,2026-01-04,0.0,17,0,0.0,Active,0,0.0
player_701,13.470890636595804,8,2026-01-01,0.0,21,0,0.0,At_Risk,0,0.0
player_702,17.413681114986282,3,2026-01-06,0.0,16,0,0.0,Active,0,0.0
player_703,15.638426778984256,2,2026-01-07,0.0,1,0,0.0,Active,0,0.0
player_704,8.324143209004491,3,2026-01-06,0.0,33,0,0.0,Active,0,0.0
player_705,46.83502468738639,12,2025-12-28,0.0,29,0,0.0,At_Risk,0,0.0
player_706,75.65789807962065,1,2026-01-08,20.27678604863072,5,0,3.0576166215177225,Active,0,0.0
player_707,30.537369303229056,5,2026-01-04,97.644330164122,44,0,4.591520756555608,Active,0,0.0
player_708,31.18032962328381,2,2026-01-07,0.0,13,0,0.0,Active,0,0.0
player_709,10.206057727223548,9,2025-12-31,0.0,48,0,0.0,At_Risk,0,0.0
player_710,35.63517363870482,0,2026-01-09,0.0,30,0,0.0,Active,0,0.0
player_711,12.738032194793334,1,2026-01-08,0.0,31,0,0.0,Active,0,0.0
player_712,28.37459266624852,6,2026-01-03,0.0,9,0,0.0,Active,0,0.0
player_713,37.3292633551965,2,2026-01-07,16.05447065462326,37,0,2.8364123778411923,Active,0,0.0
player_714,49.79913842328109,4,2026-01-05,17.76188724790709,49,0,2.931827538086889,Active,0,0.0
player_715,9.75517757761764,4,2026-01-05,160.0947769398059,14,0,5.081992868427094,Active,1,0.0
player_716,17.19458628251533,1,2026-01-08,0.0,9,0,0.0,Active,0,0.0
player_717,8.139661175962319,13,2025-12-27,0.0,44,0,0.0,At_Risk,0,0.0
player_718,27.047384762847265,4,2026-01-05,0.0,24,0,0.0,Active,0,0.0
player_719,42.66581327179495,9,2025-12-31,0.0,32,0,0.0,At_Risk,0,0.0
player_720,12.175231039653536,4,2026-01-05,0.0,20,0,0.0,Active,0,0.0
player_721,5.953163943767102,0,2026-01-09,0.0,7,0,0.0,Active,0,0.0
player_722,38.01666965309493,12,2025-12-28,0.0,31,0,0.0,At_Risk,0,0.01
player_723,34.65791799874549,0,2026-01-09,0.0,7,0,0.0,Active,0,0.0
player_724,8.605322420054456,2,2026-01-07,62.67139689984704,36,0,4.153735433474882,Active,0,0.0
player_725,4.215568290236219,3,2026-01-06,124.20992237666842,39,0,4.82999170773552,Active,1,0.07
player_726,13.39091649702987,4,2026-01-05,0.0,22,0,0.0,Active,0,0.0
player_727,27.211354289042102,11,2025-12-29,175.09048930221945,3,0,5.170998006674144,At_Risk,1,0.01
player_728,6.953009916324718,4,2026-01-05,0.0,19,0,0.0,Active,0,0.0
player_729,18.884728978109354,2,2026-01-07,0.0,30,0,0.0,Active,0,0.0
player_730,22.086595281972595,3,2026-01-06,0.0,48,0,0.0,Active,0,0.0
player_731,5.466651318175481,8,2026-01-01,0.0,3,0,0.0,At_Risk,0,0.0
player_732,26.2840495381425,0,2026-01-09,0.0,12,0,0.0,Active,0,0.0
player_733,7.168311766723629,4,2026-01-05,0.0,4,0,0.0,Active,0,0.0
player_734,15.984325048286944,3,2026-01-06,0.0,15,0,0.0,Active,0,0.0
player_735,42.00644624294214,2,2026-01-07,0.0,24,0,0.0,Active,0,0.0
player_736,8.630122509278483,10,2025-12-30,18.28983534806677,26,0,2.9595782912703625,At_Risk,0,0.0
player_737,8.351948889786708,7,2026-01-02,0.0,2,0,0.0,Active,0,0.0
player_738,44.53676002447274,3,2026-01-06,34.340937713466026,46,0,3.5650420005934627,Active,0,0.0
player_739,8.058923567850528,3,2026-01-06,0.0,31,0,0.0,Active,0,0.0
player_740,46.304600605182586,7,2026-01-02,0.0,24,0,0.0,Active,0,0.0
player_741,5.19243145625691,2,2026-01-07,0.0,46,0,0.0,Active,0,0.0
player_742,14.171229166130308,10,2025-12-30,37.37349314933308,28,0,3.647366938669523,At_Risk,0,0.01
player_743,19.61317993333233,0,2026-01-09,0.0,21,0,0.0,Active,0,0.0
player_744,36.819946634842665,8,2026-01-01,0.0,30,0,0.0,At_Risk,0,0.0
player_745,56.00282225420506,7,2026-01-02,0.0,3,0,0.0,Active,0,0.0
player_746,10.13755622599165,0,2026-01-09,0.6097765919457954,5,0,0.4760954066013415,Active,0,0.0
player_747,3.0919923769353885,21,2025-12-19,0.0,12,1,0.0,Churned_Status,0,1.0
player_748,27.315436363480707,2,2026-01-07,107.67701042133704,2,0,4.68838027609493,Active,1,0.0
player_749,18.333566647586952,1,2026-01-08,0.0,14,0,0.0,Active,0,0.0
player_750,11.514644986277755,2,2026-01-07,20.83349036129067,34,0,3.0834450460674168,Active,0,0.0
player_751,6.188353812389807,1,2026-01-08,0.0,30,0,0.0,Active,0,0.0
player_752,14.01057064084288,4,2026-01-05,0.0,45,0,0.0,Active,0,0.0
player_753,19.45925407317084,3,2026-01-06,86.06395983040962,45,0,4.46664301901363,Active,0,0.0
player_754,14.014760321048811,7,2026-01-02,0.0,34,0,0.0,Active,0,0.0
player_755,33.05435055640368,13,2025-12-27,0.0,42,0,0.0,At_Risk,0,0.0
player_756,7.245650040795447,1,2026-01-08,0.0,36,0,0.0,Active,0,0.0
player_757,4.356474615470466,2,2026-01-07,0.0,35,0,0.0,Active,0,0.0
player_758,23.908723713745303,13,2025-12-27,54.40600316062824,18,0,4.014687948182834,At_Risk,0,0.01
player_759,12.610516648858203,9,2025-12-31,0.0,41,0,0.0,At_Risk,0,0.0
player_760,3.3607077046588474,0,2026-01-09,1.7653078602190144,23,0,1.0171519706276155,Active,0,0.0
player_761,53.360980812148505,3,2026-01-06,18.22814483710497,9,0,2.956375082617499,Active,0,0.0
player_762,7.553743387708051,0,2026-01-09,62.24298445611598,9,0,4.146984203765942,Active,0,0.0
player_763,13.979119619832046,0,2026-01-09,13.90087925505046,8,0,2.701420221616439,Active,0,0.0
player_764,25.826090655795383,3,2026-01-06,0.0,33,0,0.0,Active,0,0.0
player_765,26.900861020605426,3,2026-01-06,0.0,10,0,0.0,Active,0,0.0
player_766,1.2406165748700366,2,2026-01-07,42.67089605631285,41,0,3.776681886094217,Active,0,0.02
player_767,4.2513818303786834,0,2026-01-09,0.0,11,0,0.0,Active,0,0.0
player_768,13.938595054175888,10,2025-12-30,0.0,10,0,0.0,At_Risk,0,0.0
player_769,24.23872520515214,7,2026-01-02,0.0,3,0,0.0,Active,0,0.0
player_770,20.025626436429548,0,2026-01-09,27.733061700679603,4,0,3.358048435384217,Active,0,0.0
player_771,7.0780312353660735,1,2026-01-08,63.56579281992687,47,0,4.167684747630439,Active,0,0.0
player_772,17.73081909006585,0,2026-01-09,0.0,7,0,0.0,Active,0,0.0
player_773,7.043883276679409,5,2026-01-04,0.0,40,0,0.0,Active,0,0.0
player_774,4.519338982872736,0,2026-01-09,0.0,31,0,0.0,Active,0,0.0
player_775,31.481402111626306,0,2026-01-09,0.0,33,0,0.0,Active,0,0.0
player_776,19.60427998513354,13,2025-12-27,35.139944370941905,40,0,3.5873987458973167,At_Risk,0,0.0
player_777,39.74500781384578,11,2025-12-29,0.0,6,0,0.0,At_Risk,0,0.0
player_778,36.872357039521205,1,2026-01-08,0.0,13,0,0.0,Active,0,0.0
player_779,27.84039688087221,0,2026-01-09,0.0,3,0,0.0,Active,0,0.0
player_780,37.65897256230683,19,2025-12-21,37.79612123974746,17,1,3.658320273584344,Churned_Status,0,0.96
player_781,25.94868481928046,0,2026-01-09,0.0,4,0,0.0,Active,0,0.0
player_782,11.790768951234726,0,2026-01-09,313.1689221448896,32,0,5.749930809869314,Active,1,0.0
player_783,32.634603320857416,5,2026-01-04,0.0,34,0,0.0,Active,0,0.0
player_784,21.47108691261224,0,2026-01-09,0.0,9,0,0.0,Active,0,0.0
player_785,14.544037945231237,0,2026-01-09,0.0,31,0,0.0,Active,0,0.0
player_786,27.617353206647103,7,2026-01-02,13.650194096889509,1,0,2.6844535843097472,Active,0,0.0
player_787,30.7919570856662,3,2026-01-06,0.0,38,0,0.0,Active,0,0.0
player_788,41.09009570544649,8,2026-01-01,8.791915762976855,34,0,2.2815571230958,At_Risk,0,0.01
player_789,5.102077780190289,4,2026-01-05,45.03400752707756,1,0,3.8293804174127537,Active,0,0.0
player_790,17.438705473663838,3,2026-01-06,0.0,38,0,0.0,Active,0,0.0
player_791,23.342758316710025,1,2026-01-08,8.648391830586052,45,0,2.266791251783092,Active,0,0.0
player_792,16.05702638974048,0,2026-01-09,10.458574608409656,10,0,2.438738323830869,Active,0,0.0
player_793,10.872765874293158,11,2025-12-29,0.0,23,0,0.0,At_Risk,0,0.0
player_794,7.231393585896468,0,2026-01-09,0.0,8,0,0.0,Active,0,0.0
player_795,34.32168531131042,12,2025-12-28,0.0,38,0,0.0,At_Risk,0,0.0
player_796,31.750967311823736,1,2026-01-08,0.0,17,0,0.0,Active,0,0.0
player_797,3.826248306383548,0,2026-01-09,0.0,28,0,0.0,Active,0,0.02
player_798,15.221891838877212,1,2026-01-08,0.0,24,0,0.0,Active,0,0.0
player_799,12.462222522009611,2,2026-01-07,34.40370858760648,21,0,3.5668165770143005,Active,0,0.0
player_800,12.5953716376385,1,2026-01-08,0.0,14,0,0.0,Active,0,0.0
player_801,28.818364495306504,1,2026-01-08,0.0,26,0,0.0,Active,0,0.0
player_802,3.5987722621262828,9,2025-12-31,0.0,30,1,0.0,At_Risk,0,0.84
player_803,5.253132321815251,4,2026-01-05,0.0,14,0,0.0,Active,0,0.0
player_804,11.692117727456557,0,2026-01-09,0.0,33,0,0.0,Active,0,0.0
player_805,16.436184657599725,24,2025-12-16,0.0,32,1,0.0,Churned_Status,0,1.0
player_806,15.339625138537077,7,2026-01-02,42.04193214766122,45,0,3.762174806752544,Active,0,0.0
player_807,30.10548899147842,4,2026-01-05,0.0,6,0,0.0,Active,0,0.0
player_808,15.572856366382696,1,2026-01-08,0.0,14,0,0.0,Active,0,0.0
player_809,6.314696299535112,10,2025-12-30,1.0493560620432174,10,0,0.7175256277290492,At_Risk,0,0.0
player_810,24.872346261420468,0,2026-01-09,0.0,28,0,0.0,Active,0,0.0
player_811,44.69173743053705,0,2026-01-09,0.0,41,0,0.0,Active,0,0.0
player_812,32.601083346301195,0,2026-01-09,0.0,23,0,0.0,Active,0,0.0
player_813,8.133865890130437,12,2025-12-28,0.0,3,0,0.0,At_Risk,0,0.0
player_814,9.150313789623285,6,2026-01-03,0.0,29,0,0.0,Active,0,0.0
player_815,13.797442785018418,2,2026-01-07,0.0,38,0,0.0,Active,0,0.0
player_816,32.133659903177126,4,2026-01-05,0.0,34,0,0.0,Active,0,0.0
player_817,14.359836798843602,7,2026-01-02,59.46940241108527,15,0,4.1021374918332025,Active,0,0.0
player_818,9.799912325557695,1,2026-01-08,12.228156250653116,21,0,2.5823476071644738,Active,0,0.0
player_819,8.173840692131611,7,2026-01-02,0.0,19,0,0.0,Active,0,0.0
player_820,37.52973956687888,0,2026-01-09,0.0,26,0,0.0,Active,0,0.0
player_821,10.949209736675112,4,2026-01-05,21.42860451540122,42,0,3.110337131500878,Active,0,0.0
player_822,2.901040376128377,0,2026-01-09,0.0,46,0,0.0,Active,0,0.01
player_823,3.2260276262520424,6,2026-01-03,0.0,21,0,0.0,Active,0,0.0
player_824,26.09726838670426,4,2026-01-05,0.0,21,0,0.0,Active,0,0.0
player_825,24.1283146849208,0,2026-01-09,46.17930185121076,33,0,3.853955276311985,Active,0,0.0
player_826,8.085467569248872,4,2026-01-05,0.0,3,0,0.0,Active,0,0.0
player_827,1.7980943292459235,1,2026-01-08,66.84704461467177,19,0,4.217255827700261,Active,0,0.0
player_828,14.579579163837158,7,2026-01-02,0.0,8,0,0.0,Active,0,0.0
player_829,5.997959900188862,10,2025-12-30,41.51348245451734,2,0,3.749821259846172,At_Risk,0,0.0
player_830,11.197394780892138,0,2026-01-09,0.0,12,0,0.0,Active,0,0.0
player_831,12.278988745695024,1,2026-01-08,0.0,41,0,0.0,Active,0,0.0
player_832,25.73752810262437,0,2026-01-09,0.0,29,0,0.0,Active,0,0.0
player_833,16.483392910629824,7,2026-01-02,0.0,42,0,0.0,Active,0,0.0
player_834,27.743768608496264,3,2026-01-06,8.200721475430035,33,0,2.2192819022226047,Active,0,0.0
player_835,35.10390615357073,23,2025-12-17,0.0,2,1,0.0,Churned_Status,0,1.0
player_836,20.78981779035625,7,2026-01-02,0.0,21,0,0.0,Active,0,0.0
player_837,9.986676572197714,5,2026-01-04,0.0,33,0,0.0,Active,0,0.0
player_838,22.986897311008725,0,2026-01-09,0.0,46,0,0.0,Active,0,0.0
player_839,25.996206428873872,1,2026-01-08,0.0,20,0,0.0,Active,0,0.0
player_840,10.159262167307778,5,2026-01-04,0.0,43,0,0.0,Active,0,0.0
player_841,8.532016989105916,10,2025-12-30,0.0,27,0,0.0,At_Risk,0,0.0
player_842,39.12708025715185,0,2026-01-09,0.0,45,0,0.0,Active,0,0.0
player_843,16.773777099135387,2,2026-01-07,0.0,13,0,0.0,Active,0,0.0
player_844,19.591780705056355,5,2026-01-04,0.0,31,0,0.0,Active,0,0.0
player_845,2.229469442742932,5,2026-01-04,0.0,21,0,0.0,Active,0,0.0
player_846,99.49404326057928,1,2026-01-08,0.0,18,0,0.0,Active,0,0.0
player_847,26.328518849172728,1,2026-01-08,4.434971376105505,1,0,1.6928542539733806,Active,0,0.0
player_848,43.652063040254646,1,2026-01-08,5.104134009101933,10,0,1.8089662480501305,Active,0,0.0
player_849,18.57673517109389,1,2026-01-08,0.0,16,0,0.0,Active,0,0.0
player_850,16.05538075197829,2,2026-01-07,0.0,44,0,0.0,Active,0,0.0
player_851,16.588659599243808,3,2026-01-06,44.60541962438369,34,0,3.820026560869994,Active,0,0.0
player_852,60.33756609028829,10,2025-12-30,0.0,30,0,0.0,At_Risk,0,0.0
player_853,23.302564461431984,0,2026-01-09,0.0,49,0,0.0,Active,0,0.0
player_854,7.280302758428828,0,2026-01-09,0.0,9,0,0.0,Active,0,0.0
player_855,15.790249571151504,3,2026-01-06,0.0,5,0,0.0,Active,0,0.0
player_856,32.91905269257028,2,2026-01-07,42.97573857669398,11,0,3.783638085859363,Active,0,0.0
player_857,15.648942313779768,1,2026-01-08,0.0,4,0,0.0,Active,0,0.0
player_858,2.3645192084503663,7,2026-01-02,73.37849643361527,30,0,4.309166873632956,Active,0,0.06
player_859,7.121446710320088,0,2026-01-09,151.39044776038492,16,0,5.02644596255052,Active,1,0.0
player_860,6.453967546682331,3,2026-01-06,0.0,46,0,0.0,Active,0,0.0
player_861,6.959812419308791,0,2026-01-09,0.0,19,0,0.0,Active,0,0.0
player_862,19.49249434944717,2,2026-01-07,9.245525704966536,29,0,2.3268410936946857,Active,0,0.0
player_863,19.397328405067626,2,2026-01-07,0.0,44,0,0.0,Active,0,0.0
player_864,6.143978752829259,4,2026-01-05,102.59858089289996,3,0,4.640523631786584,Active,1,0.01
player_865,18.26057574605172,0,2026-01-09,0.0,16,0,0.0,Active,0,0.0
player_866,5.0799875649720985,0,2026-01-09,34.892792279912484,22,0,3.580536503189523,Active,0,0.0
player_867,8.09986032124343,2,2026-01-07,112.14207179363204,2,0,4.728644301517123,Active,1,0.03
player_868,70.96248270352275,6,2026-01-03,0.0,17,0,0.0,Active,0,0.0
player_869,23.916881095195087,11,2025-12-29,0.0,42,0,0.0,At_Risk,0,0.0
player_870,4.358049606962594,0,2026-01-09,0.0,17,0,0.0,Active,0,0.0
player_871,17.643594564013448,2,2026-01-07,0.0,14,0,0.0,Active,0,0.0
player_872,12.3782525268084,3,2026-01-06,20.256948809313823,38,0,3.056683844707905,Active,0,0.0
player_873,30.84044802224092,6,2026-01-03,0.0,6,0,0.0,Active,0,0.0
player_874,15.269365871105665,4,2026-01-05,0.0,5,0,0.0,Active,0,0.0
player_875,8.753137111148012,10,2025-12-30,0.0,28,0,0.0,At_Risk,0,0.0
player_876,16.061849758910494,2,2026-01-07,0.0,15,0,0.0,Active,0,0.0
player_877,12.61615643365442,9,2025-12-31,20.18739286382869,37,0,3.0534063285534274,At_Risk,0,0.0
player_878,18.725027505946453,3,2026-01-06,0.0,42,0,0.0,Active,0,0.0
player_879,3.047354901331729,3,2026-01-06,69.25009438574322,44,0,4.252061651782251,Active,0,0.01
player_880,2.2188578432825654,0,2026-01-09,0.0,42,0,0.0,Active,0,0.0
player_881,44.254696520893134,5,2026-01-04,0.0,14,0,0.0,Active,0,0.0
player_882,19.554617524028355,2,2026-01-07,23.388773237375847,40,0,3.194122913192285,Active,0,0.0
player_883,22.606018682984946,0,2026-01-09,16.93846141434555,32,0,2.886947090095813,Active,0,0.0
player_884,58.75062976621628,3,2026-01-06,0.0,7,0,0.0,Active,0,0.0
player_885,5.287387894803256,13,2025-12-27,0.0,47,0,0.0,At_Risk,0,0.01
player_886,22.72553690912764,2,2026-01-07,94.62122739710472,33,0,4.560394839312026,Active,0,0.0
player_887,17.566188540554457,1,2026-01-08,0.0,35,0,0.0,Active,0,0.0
player_888,46.15745479364372,4,2026-01-05,0.0,9,0,0.0,Active,0,0.0
player_889,31.79339073628164,9,2025-12-31,0.0,44,0,0.0,At_Risk,0,0.0
player_890,14.088495778984456,0,2026-01-09,0.0,3,0,0.0,Active,0,0.0
player_891,24.11363876038128,2,2026-01-07,30.77878542146838,48,0,3.458798942048098,Active,0,0.0
player_892,47.42637753788911,9,2025-12-31,29.96373788215016,2,0,3.4328167740615183,At_Risk,0,0.0
player_893,17.220178528367857,3,2026-01-06,0.0,11,0,0.0,Active,0,0.0
player_894,27.942752948061298,4,2026-01-05,0.0,33,0,0.0,Active,0,0.0
player_895,67.39437956696825,2,2026-01-07,0.0,3,0,0.0,Active,0,0.0
player_896,28.54692427595063,10,2025-12-30,86.10558299844955,42,0,4.467120980523505,At_Risk,0,0.01
player_897,14.599474150555643,4,2026-01-05,0.0,29,0,0.0,Active,0,0.0
player_898,9.513982666467296,5,2026-01-04,0.0,11,0,0.0,Active,0,0.0
player_899,17.2099381372417,1,2026-01-08,28.73199452360457,5,0,3.3922237226710674,Active,0,0.0
player_900,31.776405689254062,0,2026-01-09,0.0,28,0,0.0,Active,0,0.0
player_901,25.39210344900896,8,2026-01-01,0.0,27,0,0.0,At_Risk,0,0.0
player_902,21.01801658891082,3,2026-01-06,0.0,18,0,0.0,Active,0,0.0
player_903,3.2287713150418496,0,2026-01-09,0.0,4,0,0.0,Active,0,0.0
player_904,65.92601930024144,6,2026-01-03,54.0529661922695,9,0,4.008295743502213,Active,0,0.0
player_905,11.28121285360443,4,2026-01-05,22.63144185248364,10,0,3.1625781072164227,Active,0,0.0
player_906,1.8335435443314885,0,2026-01-09,28.97046638096084,21,0,3.400212442801113,Active,0,0.0
player_907,18.30905624855269,5,2026-01-04,26.34076187725304,36,0,3.3083786976687994,Active,0,0.0
player_908,13.986421246335556,10,2025-12-30,1.4270298944312103,24,0,0.8866682441103895,At_Risk,0,0.0
player_909,3.1328740221819222,1,2026-01-08,51.115177926636576,25,0,3.953456229301097,Active,0,0.01
player_910,9.414691941138958,6,2026-01-03,60.39886545020944,35,0,4.117391356972759,Active,0,0.0
player_911,15.099287858988523,11,2025-12-29,6.465179410970599,42,0,2.0102494643219893,At_Risk,0,0.0
player_912,26.863808761548825,10,2025-12-30,0.0,13,0,0.0,At_Risk,0,0.0
player_913,6.67584474424059,1,2026-01-08,66.91750864566374,35,0,4.218293860612784,Active,0,0.0
player_914,6.596868970443116,6,2026-01-03,8.157741543044185,2,0,2.21459959184978,Active,0,0.0
player_915,14.7777023882718,4,2026-01-05,0.0,45,0,0.0,Active,0,0.0
player_916,26.689511549956045,6,2026-01-03,0.0,34,0,0.0,Active,0,0.0
player_917,9.358370383432815,16,2025-12-24,0.0,15,1,0.0,Churned_Status,0,0.97
player_918,30.23572054733448,3,2026-01-06,86.53232486113058,8,0,4.472008152126572,Active,0,0.0
player_919,25.48084214521712,2,2026-01-07,75.12120655342856,33,0,4.332326892977953,Active,0,0.0
player_920,26.157903295169863,4,2026-01-05,4.03652017180447,48,0,1.6167154015160707,Active,0,0.0
player_921,50.63909264518122,3,2026-01-06,0.0,14,0,0.0,Active,0,0.0
player_922,31.18876675159469,5,2026-01-04,0.0,25,0,0.0,Active,0,0.0
player_923,19.75276411354707,7,2026-01-02,0.0,18,0,0.0,Active,0,0.0
player_924,3.398195789237155,0,2026-01-09,0.0,41,0,0.0,Active,0,0.0
player_925,8.805537691622607,0,2026-01-09,0.0,25,0,0.0,Active,0,0.0
player_926,17.463556262980834,6,2026-01-03,0.3962041464548739,45,0,0.3337572303641603,Active,0,0.0
player_927,17.6120978317212,9,2025-12-31,0.0,17,0,0.0,At_Risk,0,0.0
player_928,37.2949550923788,12,2025-12-28,0.0,16,0,0.0,At_Risk,0,0.0
player_929,27.664350006231206,5,2026-01-04,0.0,30,0,0.0,Active,0,0.0
player_930,39.01199791388629,12,2025-12-28,0.0,17,0,0.0,At_Risk,0,0.0
player_931,16.66853030564551,6,2026-01-03,0.0,26,0,0.0,Active,0,0.0
player_932,34.207748716380614,2,2026-01-07,0.0,25,0,0.0,Active,0,0.0
player_933,9.751066262049628,9,2025-12-31,0.0,8,0,0.0,At_Risk,0,0.0
player_934,12.15538010584867,1,2026-01-08,0.0,35,0,0.0,Active,0,0.0
player_935,33.01102671295027,0,2026-01-09,0.0,2,0,0.0,Active,0,0.0
player_936,27.87158680265009,2,2026-01-07,0.0,33,0,0.0,Active,0,0.0
player_937,44.30585745757626,6,2026-01-03,16.343061052308908,18,0,2.8531924870476075,Active,0,0.0
player_938,6.695506421779197,0,2026-01-09,120.32502436465208,2,0,4.798473096112624,Active,1,0.01
player_939,39.84373572982267,1,2026-01-08,58.16352701690274,36,0,4.080305254336338,Active,0,0.0
player_940,20.66078725116094,1,2026-01-08,44.0704683507304,32,0,3.8082272282778167,Active,0,0.0
player_941,3.9222328899276055,0,2026-01-09,0.0,30,0,0.0,Active,0,0.0
player_942,28.8362086829248,7,2026-01-02,0.0,16,0,0.0,Active,0,0.0
player_943,16.95926336742302,3,2026-01-06,0.0,5,0,0.0,Active,0,0.0
player_944,14.680623461716298,2,2026-01-07,0.0,39,0,0.0,Active,0,0.0
player_945,20.723213226207807,0,2026-01-09,0.0,37,0,0.0,Active,0,0.0
player_946,15.2410465962269,3,2026-01-06,0.0,18,0,0.0,Active,0,0.0
player_947,25.0102522334399,4,2026-01-05,0.0,23,0,0.0,Active,0,0.0
player_948,20.722647537716075,3,2026-01-06,39.82864170553639,44,0,3.709383837708233,Active,0,0.0
player_949,16.95062722125669,31,2025-12-09,0.0,26,1,0.0,Churned_Status,0,1.0
player_950,21.748795246608005,1,2026-01-08,0.0,3,0,0.0,Active,0,0.0
player_951,1.0,0,2026-01-09,72.56422652161643,13,0,4.2981588548775,Active,0,0.01
player_952,31.16463753203949,0,2026-01-09,0.0,10,0,0.0,Active,0,0.0
player_953,19.82132360528892,3,2026-01-06,0.0,32,0,0.0,Active,0,0.0
player_954,6.429369842424853,0,2026-01-09,11.37173095595296,7,0,2.51541410838147,Active,0,0.0
player_955,18.718132061469984,1,2026-01-08,0.0,43,0,0.0,Active,0,0.0
player_956,13.840062454609054,16,2025-12-24,0.0,11,1,0.0,Churned_Status,0,1.0
player_957,5.649969543742471,8,2026-01-01,13.82641526919121,9,0,2.6964104053654854,At_Risk,0,0.0
player_958,28.50313704170324,3,2026-01-06,65.58733396969694,7,0,4.198514378824532,Active,0,0.0
player_959,9.45404905616226,5,2026-01-04,0.0,22,0,0.0,Active,0,0.0
player_960,9.952091665606094,7,2026-01-02,0.0,32,0,0.0,Active,0,0.0
player_961,18.915141821858125,11,2025-12-29,49.54297867983762,35,0,3.922824037299655,At_Risk,0,0.0
player_962,4.793031484802222,46,2025-11-24,0.0,18,1,0.0,Churned_Status,0,0.99
player_963,14.294249737081042,4,2026-01-05,0.0,7,0,0.0,Active,0,0.0
player_964,10.033974236740164,0,2026-01-09,0.0,48,0,0.0,Active,0,0.0
player_965,25.248400681211955,3,2026-01-06,0.0,7,0,0.0,Active,0,0.0
player_966,27.02553556745069,0,2026-01-09,0.0,41,0,0.0,Active,0,0.0
player_967,26.1709834100434,0,2026-01-09,20.385547079696625,27,0,3.062715323755044,Active,0,0.0
player_968,63.722053307787405,1,2026-01-08,8.12053396206109,49,0,2.210528350843956,Active,0,0.0
player_969,27.58576235909981,5,2026-01-04,0.0,31,0,0.0,Active,0,0.0
player_970,11.993956607277596,10,2025-12-30,0.0,14,0,0.0,At_Risk,0,0.0
player_971,30.787144609634684,1,2026-01-08,0.0,42,0,0.0,Active,0,0.0
player_972,30.708640813298224,5,2026-01-04,0.0,2,0,0.0,Active,0,0.0
player_973,9.921116490145318,5,2026-01-04,0.0,21,0,0.0,Active,0,0.0
player_974,16.228292835948388,7,2026-01-02,0.0,39,0,0.0,Active,0,0.0
player_975,7.976864655786805,2,2026-01-07,0.0,20,0,0.0,Active,0,0.0
player_976,34.39941635565366,3,2026-01-06,14.595453620374323,31,0,2.746979437188789,Active,0,0.0
player_977,12.015366870831324,5,2026-01-04,0.0,34,0,0.0,Active,0,0.0
player_978,25.50523331753886,5,2026-01-04,0.0,2,0,0.0,Active,0,0.0
player_979,7.067960124295263,1,2026-01-08,0.0,6,0,0.0,Active,0,0.0
player_980,7.677973825646439,22,2025-12-18,0.0,12,1,0.0,Churned_Status,0,0.99
player_981,16.797886299618504,3,2026-01-06,0.0,22,0,0.0,Active,0,0.0
player_982,18.45781834119184,1,2026-01-08,0.0,29,0,0.0,Active,0,0.0
player_983,9.582250353387767,7,2026-01-02,0.0,41,0,0.0,Active,0,0.0
player_984,5.668465405684882,0,2026-01-09,0.0,23,0,0.0,Active,0,0.0
player_985,26.057356812041995,6,2026-01-03,0.0,17,0,0.0,Active,0,0.0
player_986,1.0,0,2026-01-09,0.0,31,0,0.0,Active,0,0.04
player_987,17.11036874525591,1,2026-01-08,0.0,27,0,0.0,Active,0,0.0
player_988,15.704920870161796,4,2026-01-05,42.322453646484334,10,0,3.768671060567685,Active,0,0.0
player_989,24.723648867396555,4,2026-01-05,0.0,44,0,0.0,Active,0,0.0
player_990,9.741276210616098,0,2026-01-09,47.52114621733204,8,0,3.881999707402176,Active,0,0.0
player_991,23.66332133975302,10,2025-12-30,50.11922831018952,48,0,3.934160714301769,At_Risk,0,0.0
player_992,40.9360261855463,0,2026-01-09,15.08652390131879,5,0,2.7779818967267835,Active,0,0.0
player_993,7.127899010507592,11,2025-12-29,41.06645017477543,13,0,3.73925051502581,At_Risk,0,0.0
player_994,16.534418103509203,17,2025-12-23,0.0,6,1,0.0,Churned_Status,0,1.0
player_995,30.421604660663768,3,2026-01-06,31.75566508838393,40,0,3.489075926919964,Active,0,0.0
player_996,13.898832127692945,0,2026-01-09,0.0,27,0,0.0,Active,0,0.0
player_997,15.216025928174378,15,2025-12-25,0.0,35,1,0.0,Churned_Status,0,0.94
player_998,41.01309736999078,8,2026-01-01,0.0,25,0,0.0,At_Risk,0,0.0
player_999,20.91942607782704,3,2026-01-06,0.0,40,0,0.0,Active,0,0.0
